Czech name,English name,Code,UN eGov index,Year,EU28
Dánsko,Denmark,DNK,0.915,2018,1
Austrálie,Australia,AUS,0.9053,2018,0
Jižní Korea,South Korea,KOR,0.901,2018,0
Spojené království,United Kingdom,GBR,0.8999,2018,1
Švédsko,Sweden,SWE,0.8882,2018,1
Finsko,Finland,FIN,0.8815,2018,1
Singapur,Singapore,SGP,0.8812,2018,0
Nový Zéland,New Zealand,NZL,0.8806,2018,0
Francie,France,FRA,0.879,2018,1
Japonsko,Japan,JPN,0.8783,2018,0
Spojené státy americké,United States of America,USA,0.8769,2018,0
Německo,Germany,DEU,0.8765,2018,1
Nizozemí,The Netherlands,NLD,0.8757,2018,1
Norsko,Norway,NOR,0.8557,2018,0
Švýcarsko,Switzerland,CHE,0.852,2018,0
Estonsko,Estonia,EST,0.8486,2018,1
Španělsko,Spain,ESP,0.8415,2018,1
Lucembursko,Luxembourg,LUX,0.8334,2018,1
Island,Iceland,ISL,0.8316,2018,0
Rakousko,Austria,AUT,0.8301,2018,1
Spojené arabské emiráty,United Arab Emirates,ARE,0.8295,2018,0
Irsko,Ireland,IRL,0.8287,2018,1
Kanada,Canada,CAN,0.8258,2018,0
Itálie,Italy,ITA,0.8209,2018,1
Lichtenštejnsko,Lichtenstein,LIE,0.8204,2018,0
Bahrain,Bahrain,BHR,0.8116,2018,0
Belgie,Belgium,BEL,0.808,2018,1
Monaco,Monaco,MCO,0.805,2018,0
Portugalsko,Portugal,PRT,0.8031,2018,1
Malta,Malta,MLT,0.8011,2018,1
Izrael,Israel,ISR,0.7998,2018,0
Rusko,Russia,RUS,0.7969,2018,0
Polsko,Poland,POL,0.7926,2018,1
Uruguay,Uruguay,URY,0.7858,2018,0
Řecko,Greece,GRC,0.7833,2018,1
Kypr,Cyprus,CYP,0.7736,2018,1
Slovinsko,Slovenia,SVN,0.7714,2018,1
Bělorusko,Belarus,BLR,0.7641,2018,0
Kazachstán,Kazakhstan,KAZ,0.7597,2018,0
Litva,Lithuania,LTU,0.7534,2018,1
Kuvajt,Kuwait,KWT,0.7388,2018,0
Chile,Chile,CHL,0.735,2018,0
Argentina,Argentina,ARG,0.7335,2018,0
Brazílie,Brazil,BRA,0.7327,2018,0
Maďarsko,Hungary,HUN,0.7265,2018,1
Barbados,Barbados,BRB,0.7229,2018,0
Bulharsko,Bulgaria,BGR,0.7177,2018,1
Malajsie,Malaysia,MYS,0.7174,2018,0
Srbsko,Serbia,SRB,0.7155,2018,0
Slovensko,Slovakia,SVK,0.7155,2018,1
Katar,Qatar,QAT,0.7132,2018,0
Saudská arábie,Saudi Arabia,SAU,0.7119,2018,0
Turecko,Turkey,TUR,0.7112,2018,0
Česká republika,Czech Republic,CZE,0.7084,2018,1
Chorvatsko,Croatia,HRV,0.7018,2018,1
Kostarika,Costa Rica,CRI,0.7004,2018,0
Lotyšsko,Latvia,LVA,0.6996,2018,1
Černá Hora,Montenegro,MNE,0.6966,2018,0
Brunej,Brunei,BRN,0.6923,2018,0
Gruzie,Georgia,GEO,0.6893,2018,0
Kolumbie,Colombia,COL,0.6871,2018,0
Andorra,Andorra,AND,0.6857,2018,0
Omán,Oman,OMN,0.6846,2018,0
Mexiko,Mexico,MEX,0.6818,2018,0
Čína,China,CHN,0.6811,2018,0
Mauricius,Mauritius,MUS,0.6678,2018,0
Rumunsko,Romania,ROU,0.6671,2018,1
Jihoafrická republika,South African Republic,ZAF,0.6618,2018,0
Moldavsko,Moldova,MDA,0.659,2018,0
Ázerbajdžán,Azerbaijan,AZE,0.6574,2018,0
Svatý Kryštof a Nevis,Saint Kitts and Nevis,KNA,0.6554,2018,0
Bahamské ostrovy,Bahamas,BHS,0.6552,2018,0
Thajsko,Thailand,THA,0.6543,2018,0
Albánie,Albania,ALB,0.6519,2018,0
Filipíny,Philippines,PHL,0.6512,2018,0
San Marino,San Marino,SMR,0.6471,2018,0
Peru,Peru,PER,0.6461,2018,0
Trinidad a Tobago,Trinidad and Tobago,TTO,0.644,2018,0
Makedonie,Macedonia,MKD,0.6312,2018,0
Tunisko,Tunisia,TUN,0.6254,2018,0
Uzbekistán,Uzbekistan,UZB,0.6207,2018,0
Ukrajina,Ukraine,UKR,0.6165,2018,0
Seychely,Seychelles,SYC,0.6163,2018,0
Ekvádor,Ecuador,ECU,0.6129,2018,0
Panama,Panama,PAN,0.6092,2018,0
Írán,Iran,IRN,0.6083,2018,0
Arménie,Armenia,ARM,0.5944,2018,0
Vietnam,Vietnam,VNM,0.5931,2018,0
Grenada,Grenada,GRD,0.593,2018,0
Antigua a Barbuda,Antigua and Barbuda,ATG,0.5906,2018,0
Kyrgyzstán,Kyrgyzstan,KGZ,0.5835,2018,0
Mongolsko,Mongolia,MNG,0.5824,2018,0
Dominika,Dominica,DMA,0.5794,2018,0
Srí Lanka,Sri Lanka,LKA,0.5751,2018,0
Dominikánská republika,Dominican republic,DOM,0.5726,2018,0
Indie,India,IND,0.5669,2018,0
Maledivy,Maldives,MDV,0.5615,2018,0
Jordán,Jordan,JOR,0.5575,2018,0
Libanon,Lebanon,LBN,0.553,2018,0
El Salvador,El Salvador,SLV,0.5469,2018,0
Ghana,Ghana,GHA,0.539,2018,0
Fiji,Fiji,FJI,0.5348,2018,0
Bolívie,Bolivia,BOL,0.5307,2018,0
Svatý Vincenc a Grenadiny,Saint Vincent and the Grenadines,VCT,0.5306,2018,0
Bosna a Hercegovina,Bosnia and Herzegovina,BIH,0.5303,2018,0
Venezuela,Venezuela,VEN,0.5287,2018,0
Indonésie,Indonesia,IDN,0.5258,2018,0
Paraguay,Paraguay,PRY,0.5255,2018,0
Tonga,Tonga,TON,0.5237,2018,0
Maroko,Morocco,MAR,0.5214,2018,0
Palau,Palau,PLW,0.5024,2018,0
Kapverdy,Cape Verde,CPV,0.498,2018,0
Guatemala,Guatemala,GTM,0.4974,2018,0
Egypt,Egypt,EGY,0.488,2018,0
Bangladéš,Bangladesh,BGD,0.4862,2018,0
Surinam,Suriname,SUR,0.4773,2018,0
Nepál,Nepal,NPL,0.4748,2018,0
Jamaica,Jamaica,JAM,0.4697,2018,0
Svatá Lucie,Saint Lucia,LCA,0.466,2018,0
Rwanda,Rwanda,RWA,0.459,2018,0
Namibie,Namibia,NAM,0.4554,2018,0
Keňa,Kenya,KEN,0.4541,2018,0
Honduras,Honduras,HND,0.4474,2018,0
Guyana,Guyana,GUY,0.4316,2018,0
Gabon,Gabon,GAB,0.4313,2018,0
Bhútán,Bhutan,BTN,0.4274,2018,0
Botswana,Botswana,BWA,0.4253,2018,0
Samoa,Samoa,WSM,0.4236,2018,0
Nikaragua,Nicaragua,NIC,0.4233,2018,0
Alžírsko,Algeria,DZA,0.4227,2018,0
Tádžikistán,Tajikistan,TJK,0.422,2018,0
Belize,Belize,BLZ,0.4115,2018,0
Zambie,Zambia,ZMB,0.4111,2018,0
Kuba,Cuba,CUB,0.4101,2018,0
Uganda,Uganda,UGA,0.4055,2018,0
Kamerun,Cameroon,CMR,0.3997,2018,0
Vanuatu,Vanuatu,VUT,0.399,2018,0
Togo,Togo,TGO,0.3989,2018,0
Tanzanie,Tanzania,TZA,0.3929,2018,0
Libye,Libya,LBY,0.3833,2018,0
Eswatini,Eswatini,SWZ,0.382,2018,0
Timor-Leste,Timor-Leste,TLS,0.3816,2018,0
Nigérie,Nigeria,NGA,0.3807,2018,0
Tuvalu,Tuvalu,TUV,0.3779,2018,0
Kambodža,Cambodia,KHM,0.3753,2018,0
Zimbabwe,Zimbabwe,ZWE,0.3692,2018,0
Turkmenistán,Turkmenistan,TKM,0.3652,2018,0
Pákistán,Pakistan,PAK,0.3566,2018,0
Marshallovy ostrovy,Marshall Islands,MHL,0.3543,2018,0
Senegal,Senegal,SEN,0.3486,2018,0
Etiopie,Ethiopia,ETH,0.3463,2018,0
Sýrie,Syria,SYR,0.3459,2018,0
Kiribati,Kiribati,KIR,0.345,2018,0
Svatý Tomáš a Princův ostrov,Sao Tome and Principe,STP,0.3424,2018,0
Angola,Angola,AGO,0.3376,2018,0
Irák,Iraq,IRQ,0.3376,2018,0
Myanmar,Myanmar,MMR,0.3328,2018,0
Nauru,Nauru,NRU,0.3324,2018,0
Benin,Benin,BEN,0.3264,2018,0
Mosambik,Mozambique,MOZ,0.3195,2018,0
Mikronésie,Micronesia,FSM,0.3155,2018,0
Laos,Laos,LAO,0.3056,2018,0
Haiti,Haiti,HTI,0.3047,2018,0
Kongo,Congo,COG,0.3024,2018,0
Burkina,Burkina Faso,BFA,0.3016,2018,0
Burundi,Burundi,BDI,0.2985,2018,0
Lesotho,Lesotho,LSO,0.2968,2018,0
Gambie,Gambia,GMB,0.2958,2018,0
Šalamounovy ostrovy,Solomon Islands,SLB,0.2816,2018,0
Madagaskar,Madagascar,MDG,0.2792,2018,0
Papua-Nová Guinea,Papua New Guinea,PNG,0.2787,2018,0
Pobřeží slonoviny,Ivory Coast,CIV,0.2776,2018,0
Libérie,Liberia,LBR,0.2737,2018,0
Sierra Leone,Sierra Leone,SLE,0.2717,2018,0
Malawi,Malawi,MWI,0.2708,2018,0
Demokratická republika Kongo,Democratic Republic of the Congo,COD,0.2612,2018,0
Afghánistán,Afghanistan,AFG,0.2585,2018,0
Mali,Mali,MLI,0.2424,2018,0
Džibutsko,Djibouti,DJI,0.2401,2018,0
Sudan,Sudan,SDN,0.2394,2018,0
Guinea,Guinea,GIN,0.2348,2018,0
Komory,Comoros,COM,0.2336,2018,0
Mauritánie,Mauritania,MRT,0.2314,2018,0
Rovníková Guinea,Equatorial Guinea,GNQ,0.2298,2018,0
KLDR,North Korea,PRK,0.2159,2018,0
Jemen,Yemen,YEM,0.2154,2018,0
Guinea-Bissau,Guinea-Bissau,GNB,0.1887,2018,0
Středoafrická republika,Central African Republic,CAF,0.1584,2018,0
Eritrea,Eritrea,ERI,0.1337,2018,0
Čad,Chad,TCD,0.1257,2018,0
Jižní Súdán,South Sudan,SSD,0.1214,2018,0
Niger,Niger,NER,0.1095,2018,0
Somálsko,Somalia,SOM,0.0566,2018,0
Spojené království,United Kingdom,GBR,0.9193,2016,1
Austrálie,Australia,AUS,0.9143,2016,0
Jižní Korea,South Korea,KOR,0.8915,2016,0
Singapur,Singapore,SGP,0.8828,2016,0
Finsko,Finland,FIN,0.8817,2016,1
Švédsko,Sweden,SWE,0.8704,2016,1
Nizozemí,The Netherlands,NLD,0.8659,2016,1
Nový Zéland,New Zealand,NZL,0.8653,2016,0
Dánsko,Denmark,DNK,0.851,2016,1
Francie,France,FRA,0.8456,2016,1
Japonsko,Japan,JPN,0.844,2016,0
Spojené státy americké,United States of America,USA,0.842,2016,0
Estonsko,Estonia,EST,0.8334,2016,1
Kanada,Canada,CAN,0.8285,2016,0
Německo,Germany,DEU,0.821,2016,1
Rakousko,Austria,AUT,0.8208,2016,1
Španělsko,Spain,ESP,0.8135,2016,1
Norsko,Norway,NOR,0.8117,2016,0
Belgie,Belgium,BEL,0.7874,2016,1
Izrael,Israel,ISR,0.7806,2016,0
Slovinsko,Slovenia,SVN,0.7769,2016,1
Itálie,Italy,ITA,0.7764,2016,1
Litva,Lithuania,LTU,0.7747,2016,1
Bahrain,Bahrain,BHR,0.7734,2016,0
Lucembursko,Luxembourg,LUX,0.7705,2016,1
Irsko,Ireland,IRL,0.7689,2016,1
Island,Iceland,ISL,0.7662,2016,0
Švýcarsko,Switzerland,CHE,0.7525,2016,0
Spojené arabské emiráty,United Arab Emirates,ARE,0.7515,2016,0
Malta,Malta,MLT,0.7424,2016,1
Monaco,Monaco,MCO,0.7315,2016,0
Lichtenštejnsko,Lichtenstein,LIE,0.7313,2016,0
Kazachstán,Kazakhstan,KAZ,0.725,2016,0
Uruguay,Uruguay,URY,0.7237,2016,0
Rusko,Russia,RUS,0.7215,2016,0
Polsko,Poland,POL,0.7211,2016,1
Chorvatsko,Croatia,HRV,0.7162,2016,1
Portugalsko,Portugal,PRT,0.7144,2016,1
Srbsko,Serbia,SRB,0.7131,2016,0
Kuvajt,Kuwait,KWT,0.708,2016,0
Argentina,Argentina,ARG,0.6978,2016,0
Chile,Chile,CHL,0.6949,2016,0
Řecko,Greece,GRC,0.691,2016,1
Saudská arábie,Saudi Arabia,SAU,0.6822,2016,0
Lotyšsko,Latvia,LVA,0.681,2016,1
Maďarsko,Hungary,HUN,0.6745,2016,1
Černá Hora,Montenegro,MNE,0.6733,2016,0
Katar,Qatar,QAT,0.6699,2016,0
Bělorusko,Belarus,BLR,0.6625,2016,0
Česká republika,Czech Republic,CZE,0.6454,2016,1
Brazílie,Brazil,BRA,0.6377,2016,0
Bulharsko,Bulgaria,BGR,0.6376,2016,1
Kostarika,Costa Rica,CRI,0.6314,2016,0
Barbados,Barbados,BRB,0.631,2016,0
Andorra,Andorra,AND,0.6302,2016,0
Ázerbajdžán,Azerbaijan,AZE,0.6274,2016,0
Kolumbie,Colombia,COL,0.6237,2016,0
Mauricius,Mauritius,MUS,0.6231,2016,0
Mexiko,Mexico,MEX,0.6195,2016,0
Malajsie,Malaysia,MYS,0.6175,2016,0
Gruzie,Georgia,GEO,0.6108,2016,0
Ukrajina,Ukraine,UKR,0.6076,2016,0
Čína,China,CHN,0.6071,2016,0
Kypr,Cyprus,CYP,0.6023,2016,1
Moldavsko,Moldova,MDA,0.5994,2016,0
Omán,Oman,OMN,0.5962,2016,0
Slovensko,Slovakia,SVK,0.5915,2016,1
Turecko,Turkey,TUR,0.59,2016,0
Makedonie,Macedonia,MKD,0.5885,2016,0
Trinidad a Tobago,Trinidad and Tobago,TTO,0.578,2016,0
Filipíny,Philippines,PHL,0.5765,2016,0
Tunisko,Tunisia,TUN,0.5682,2016,0
Libanon,Lebanon,LBN,0.5646,2016,0
Ekvádor,Ecuador,ECU,0.5625,2016,0
Rumunsko,Romania,ROU,0.5611,2016,1
Jihoafrická republika,South African Republic,ZAF,0.5546,2016,0
Thajsko,Thailand,THA,0.5522,2016,0
San Marino,San Marino,SMR,0.5506,2016,0
Srí Lanka,Sri Lanka,LKA,0.5445,2016,0
Uzbekistán,Uzbekistan,UZB,0.5434,2016,0
Peru,Peru,PER,0.5381,2016,0
Albánie,Albania,ALB,0.5331,2016,0
Brunej,Brunei,BRN,0.5298,2016,0
Mongolsko,Mongolia,MNG,0.5194,2016,0
Maroko,Morocco,MAR,0.5186,2016,0
Seychely,Seychelles,SYC,0.5181,2016,0
Arménie,Armenia,ARM,0.5179,2016,0
Grenada,Grenada,GRD,0.5168,2016,0
Vietnam,Vietnam,VNM,0.5143,2016,0
Venezuela,Venezuela,VEN,0.5128,2016,0
Jordán,Jordan,JOR,0.5123,2016,0
Bosna a Hercegovina,Bosnia and Herzegovina,BIH,0.5118,2016,0
Bahamské ostrovy,Bahamas,BHS,0.5108,2016,0
Svatý Kryštof a Nevis,Saint Kitts and Nevis,KNA,0.5034,2016,0
Fidži,Fiji,FJI,0.4989,2016,0
Paraguay,Paraguay,PRY,0.4989,2016,0
Kyrgyzstán,Kyrgyzstan,KGZ,0.4969,2016,0
Dominikánská republika,Dominican republic,DOM,0.4914,2016,0
Panama,Panama,PAN,0.4903,2016,0
Antigua a Barbuda,Antigua and Barbuda,ATG,0.4892,2016,0
Bolívie,Bolivia,BOL,0.4821,2016,0
Guatemala,Guatemala,GTM,0.479,2016,0
Kapverdy,Cape Verde,CPV,0.4742,2016,0
El Salvador,El Salvador,SLV,0.4718,2016,0
Tonga,Tonga,TON,0.47,2016,0
Írán,Iran,IRN,0.4649,2016,0
Indie,India,IND,0.4637,2016,0
Egypt,Egypt,EGY,0.4594,2016,0
Dominika,Dominica,DMA,0.4577,2016,0
Palau,Palau,PLW,0.4546,2016,0
Surinam,Suriname,SUR,0.4546,2016,0
Jamaica,Jamaica,JAM,0.4534,2016,0
Botswana,Botswana,BWA,0.4531,2016,0
Svatá Lucie,Saint Lucia,LCA,0.4531,2016,0
Svatý Vincenc a Grenadiny,Saint Vincent and the Grenadines,VCT,0.4494,2016,0
Indonésie,Indonesia,IDN,0.4478,2016,0
Maledivy,Maldives,MDV,0.433,2016,0
Libye,Libya,LBY,0.4322,2016,0
Keňa,Kenya,KEN,0.4186,2016,0
Ghana,Ghana,GHA,0.4181,2016,0
Samoa,Samoa,WSM,0.4019,2016,0
Belize,Belize,BLZ,0.3825,2016,0
Nikaragua,Nicaragua,NIC,0.3801,2016,0
Bangladéš,Bangladesh,BGD,0.3799,2016,0
Namibie,Namibia,NAM,0.3682,2016,0
Guyana,Guyana,GUY,0.3651,2016,0
Honduras,Honduras,HND,0.3611,2016,0
Uganda,Uganda,UGA,0.3599,2016,0
Gabon,Gabon,GAB,0.3584,2016,0
Tanzánie,Tanzania,TZA,0.3533,2016,0
Kuba,Cuba,CUB,0.3522,2016,0
Zambie,Zambia,ZMB,0.3507,2016,0
Bhútán,Bhutan,BTN,0.3506,2016,0
Zimbabwe,Zimbabwe,ZWE,0.3472,2016,0
Nepál,Nepal,NPL,0.3458,2016,0
Svazijsko,Swaziland,SWZ,0.3412,2016,0
Sýrie,Syria,SYR,0.3404,2016,0
Rwanda,Rwanda,RWA,0.339,2016,0
Tádžikistán,Tajikistan,TJK,0.3366,2016,0
Turkmenistán,Turkmenistan,TKM,0.3337,2016,0
Irák,Iraq,IRQ,0.3334,2016,0
Angola,Angola,AGO,0.3311,2016,0
Nigérie,Nigeria,NGA,0.3291,2016,0
Senegal,Senegal,SEN,0.325,2016,0
Kiribati,Kiribati,KIR,0.3122,2016,0
Mikronésie,Micronesia,FSM,0.3103,2016,0
Togo,Togo,TGO,0.3096,2016,0
Laos,Laos,LAO,0.309,2016,0
Vanuatu,Vanuatu,VUT,0.3078,2016,0
Alžírsko,Algeria,DZA,0.2999,2016,0
Tuvalu,Tuvalu,TUV,0.295,2016,0
Nauru,Nauru,NRU,0.2868,2016,0
KLDR,North Korea,PRK,0.2801,2016,0
Lesotho,Lesotho,LSO,0.277,2016,0
Kamerun,Cameroon,CMR,0.2759,2016,0
Marshallovy ostrovy,Marshall Islands,MHL,0.2695,2016,0
Etiopie,Ethiopia,ETH,0.2666,2016,0
Kambodža,Cambodia,KHM,0.2593,2016,0
Pákistán,Pakistan,PAK,0.2583,2016,0
Timor-Leste,Timor-Leste,TLS,0.2582,2016,0
Sudan,Sudan,SDN,0.2539,2016,0
Kongo,Congo,COG,0.2497,2016,0
Madagaskar,Madagascar,MDG,0.2416,2016,0
Šalamounovy ostrovy,Solomon Islands,SLB,0.2406,2016,0
Rovníková Guinea,Equatorial Guinea,GNQ,0.2403,2016,0
Malawi,Malawi,MWI,0.2398,2016,0
Gambie,Gambia,GMB,0.2396,2016,0
Svatý Tomáš a Princův ostrov,Sao Tome and Principe,STP,0.239,2016,0
Myanmar,Myanmar,MMR,0.2362,2016,0
Libérie,Liberia,LBR,0.2338,2016,0
Afghánistán,Afghanistan,AFG,0.2313,2016,0
Mosambik,Mozambique,MOZ,0.2305,2016,0
Burundi,Burundi,BDI,0.2277,2016,0
Jemen,Yemen,YEM,0.2248,2016,0
Pobřeží slonoviny,Ivory Coast,CIV,0.2185,2016,0
Komory,Comoros,COM,0.2155,2016,0
Benin,Benin,BEN,0.2039,2016,0
Haiti,Haiti,HTI,0.1931,2016,0
Papua-Nová Guinea,Papua New Guinea,PNG,0.1882,2016,0
Demokratická republika Kongo,Democratic Republic of the Congo,COD,0.1876,2016,0
Guinea-Bissau,Guinea-Bissau,GNB,0.1818,2016,0
Mali,Mali,MLI,0.1817,2016,0
Jižní Súdán,South Sudan,SSD,0.1791,2016,0
Mauritánie,Mauritania,MRT,0.1734,2016,0
Burkina Faso,Burkina Faso,BFA,0.1598,2016,0
Sierra Leone,Sierra Leone,SLE,0.1594,2016,0
Džibutsko,Djibouti,DJI,0.1337,2016,0
Čad,Chad,TCD,0.1256,2016,0
Guinea,Guinea,GIN,0.1226,2016,0
Eritrea,Eritrea,ERI,0.0902,2016,0
Středoafrická republika,Central African Republic,CAF,0.0789,2016,0
Niger,Niger,NER,0.0593,2016,0
Somálsko,Somalia,SOM,0.027,2016,0
Jižní Korea,South Korea,KOR,0.9462,2014,0
Austrálie,Australia,AUS,0.9103,2014,0
Singapur,Singapore,SGP,0.9076,2014,0
Francie,France,FRA,0.8938,2014,1
Nizozemí,The Netherlands,NLD,0.8897,2014,1
Japonsko,Japan,JPN,0.8874,2014,0
Spojené státy americké,United States of America,USA,0.8748,2014,0
Spojené království,United Kingdom,GBR,0.8695,2014,1
Nový Zéland,New Zealand,NZL,0.8644,2014,0
Finsko,Finland,FIN,0.8449,2014,1
Kanada,Canada,CAN,0.8418,2014,0
Španělsko,Spain,ESP,0.841,2014,1
Norsko,Norway,NOR,0.8357,2014,0
Švédsko,Sweden,SWE,0.8225,2014,1
Estonsko,Estonia,EST,0.818,2014,1
Dánsko,Denmark,DNK,0.8162,2014,1
Izrael,Israel,ISR,0.8162,2014,0
Bahrain,Bahrain,BHR,0.8089,2014,0
Island,Iceland,ISL,0.797,2014,0
Rakousko,Austria,AUT,0.7912,2014,1
Německo,Germany,DEU,0.7864,2014,1
Irsko,Ireland,IRL,0.781,2014,1
Itálie,Italy,ITA,0.7593,2014,1
Lucembursko,Luxembourg,LUX,0.7591,2014,1
Belgie,Belgium,BEL,0.7564,2014,1
Uruguay,Uruguay,URY,0.742,2014,0
Rusko,Russia,RUS,0.7296,2014,0
Kazachstán,Kazakhstan,KAZ,0.7283,2014,0
Litva,Lithuania,LTU,0.7271,2014,1
Švýcarsko,Switzerland,CHE,0.7267,2014,0
Lotyšsko,Latvia,LVA,0.7178,2014,1
Spojené arabské emiráty,United Arab Emirates,ARE,0.7136,2014,0
Chile,Chile,CHL,0.7122,2014,0
Řecko,Greece,GRC,0.7118,2014,1
Lichtenštejnsko,Lichtenstein,LIE,0.6982,2014,0
Saudská arábie,Saudi Arabia,SAU,0.69,2014,0
Portugalsko,Portugal,PRT,0.69,2014,1
Monaco,Monaco,MCO,0.6715,2014,0
Maďarsko,Hungary,HUN,0.6637,2014,1
Malta,Malta,MLT,0.6518,2014,1
Slovinsko,Slovenia,SVN,0.6505,2014,1
Polsko,Poland,POL,0.6482,2014,1
Andorra,Andorra,AND,0.6426,2014,0
Katar,Qatar,QAT,0.6362,2014,0
Černá Hora,Montenegro,MNE,0.6346,2014,0
Argentina,Argentina,ARG,0.6306,2014,0
Chorvatsko,Croatia,HRV,0.6282,2014,1
Omán,Oman,OMN,0.6273,2014,0
Kuvajt,Kuwait,KWT,0.6268,2014,0
Kolumbie,Colombia,COL,0.6173,2014,0
Slovensko,Slovakia,SVK,0.6148,2014,1
Malajsie,Malaysia,MYS,0.6115,2014,0
Česká republika,Czech Republic,CZE,0.607,2014,1
Kostarika,Costa Rica,CRI,0.6061,2014,0
Bělorusko,Belarus,BLR,0.6053,2014,0
Gruzie,Georgia,GEO,0.6047,2014,0
Brazílie,Brazil,BRA,0.6008,2014,0
Kypr,Cyprus,CYP,0.5958,2014,1
Barbados,Barbados,BRB,0.5933,2014,0
Antigua a Barbuda,Antigua and Barbuda,ATG,0.5927,2014,0
Arménie,Armenia,ARM,0.5897,2014,0
San Marino,San Marino,SMR,0.5823,2014,0
Mexiko,Mexico,MEX,0.5733,2014,0
Rumunsko,Romania,ROU,0.5632,2014,1
Mongolsko,Mongolia,MNG,0.5581,2014,0
Moldavsko,Moldova,MDA,0.5571,2014,0
Venezuela,Venezuela,VEN,0.5564,2014,0
Ázerbajdžán,Azerbaijan,AZE,0.5472,2014,0
Srbsko,Serbia,SRB,0.5472,2014,0
Čína,China,CHN,0.545,2014,0
Turecko,Turkey,TUR,0.5443,2014,0
Peru,Peru,PER,0.5435,2014,0
Bulharsko,Bulgaria,BGR,0.5421,2014,1
Srí Lanka,Sri Lanka,LKA,0.5418,2014,0
Tunisko,Tunisia,TUN,0.539,2014,0
Mauricius,Mauritius,MUS,0.5338,2014,0
Panama,Panama,PAN,0.5242,2014,0
Grenada,Grenada,GRD,0.522,2014,0
Jordán,Jordan,JOR,0.5167,2014,0
Egypt,Egypt,EGY,0.5129,2014,0
Seychely,Seychelles,SYC,0.5113,2014,0
Maroko,Morocco,MAR,0.506,2014,0
Ekvádor,Ecuador,ECU,0.5053,2014,0
Albánie,Albania,ALB,0.5046,2014,0
Fiji,Fiji,FJI,0.5044,2014,0
Brunej,Brunei,BRN,0.5042,2014,0
Ukrajina,Ukraine,UKR,0.5032,2014,0
El Salvador,El Salvador,SLV,0.4989,2014,0
Libanon,Lebanon,LBN,0.4982,2014,0
Svatý Kryštof a Nevis,Saint Kitts and Nevis,KNA,0.498,2014,0
Trinidad a Tobago,Trinidad and Tobago,TTO,0.4932,2014,0
Bahamské ostrovy,Bahamas,BHS,0.49,2014,0
Jihoafrická republika,South African Republic,ZAF,0.4869,2014,0
Maledivy,Maldives,MDV,0.4813,2014,0
Filipíny,Philippines,PHL,0.4768,2014,0
Makedonie,Macedonia,MKD,0.472,2014,0
Bosna a Hercegovina,Bosnia and Herzegovina,BIH,0.4707,2014,0
Tonga,Tonga,TON,0.4706,2014,0
Vietnam,Vietnam,VNM,0.4705,2014,0
Uzbekistán,Uzbekistan,UZB,0.4695,2014,0
Kyrgyzstán,Kyrgyzstan,KGZ,0.4657,2014,0
Thajsko,Thailand,THA,0.4631,2014,0
Bolívie,Bolivia,BOL,0.4562,2014,0
Svatá Lucie,Saint Lucia,LCA,0.4525,2014,0
Írán,Iran,IRN,0.4508,2014,0
Indonésie,Indonesia,IDN,0.4487,2014,0
Dominikánská republika,Dominican republic,DOM,0.4481,2014,0
Palau,Palau,PLW,0.4415,2014,0
Jamaica,Jamaica,JAM,0.4388,2014,0
Dominika,Dominica,DMA,0.4338,2014,0
Samoa,Samoa,WSM,0.4204,2014,0
Botswana,Botswana,BWA,0.4198,2014,0
Svatý Vincenc a Grenadiny,Saint Vincent and the Grenadines,VCT,0.4158,2014,0
Honduras,Honduras,HND,0.4083,2014,0
Surinam,Suriname,SUR,0.4045,2014,0
Kuba,Cuba,CUB,0.3917,2014,0
Namibie,Namibia,NAM,0.388,2014,0
Indie,India,IND,0.3834,2014,0
Keňa,Kenya,KEN,0.3805,2014,0
Belize,Belize,BLZ,0.3774,2014,0
Libye,Libya,LBY,0.3753,2014,0
Paraguay,Paraguay,PRY,0.374,2014,0
Ghana,Ghana,GHA,0.3735,2014,0
Guyana,Guyana,GUY,0.3695,2014,0
Rwanda,Rwanda,RWA,0.3589,2014,0
Zimbabwe,Zimbabwe,ZWE,0.3585,2014,0
Kapverdy,Cape Verde,CPV,0.3551,2014,0
Turkmenistán,Turkmenistan,TKM,0.3511,2014,0
Tádžikistán,Tajikistan,TJK,0.3395,2014,0
Mikronésie,Micronesia,FSM,0.3337,2014,0
Gabon,Gabon,GAB,0.3294,2014,0
Kiribati,Kiribati,KIR,0.3201,2014,0
Guatemala,Guatemala,GTM,0.316,2014,0
Irák,Iraq,IRQ,0.3141,2014,0
Sýrie,Syria,SYR,0.3134,2014,0
Alžírsko,Algeria,DZA,0.3106,2014,0
Tuvalu,Tuvalu,TUV,0.3059,2014,0
Svazijsko,Swaziland,SWZ,0.3056,2014,0
Kambodža,Cambodia,KHM,0.2999,2014,0
Angola,Angola,AGO,0.297,2014,0
Nigérie,Nigeria,NGA,0.2929,2014,0
Marshallovy ostrovy,Marshall Islands,MHL,0.2851,2014,0
Bhútán,Bhutan,BTN,0.2829,2014,0
Kamerun,Cameroon,CMR,0.2782,2014,0
Nauru,Nauru,NRU,0.2776,2014,0
Tanzánie,Tanzania,TZA,0.2764,2014,0
Nikaragua,Nicaragua,NIC,0.2759,2014,0
Bangladéš,Bangladesh,BGD,0.2757,2014,0
KLDR,North Korea,PRK,0.2753,2014,0
Jemen,Yemen,YEM,0.272,2014,0
Senegal,Senegal,SEN,0.2666,2014,0
Laos,Laos,LAO,0.2659,2014,0
Lesotho,Lesotho,LSO,0.2629,2014,0
Sudan,Sudan,SDN,0.2606,2014,0
Madagaskar,Madagascar,MDG,0.2606,2014,0
Uganda,Uganda,UGA,0.2593,2014,0
Etiopie,Ethiopia,ETH,0.2589,2014,0
Pákistán,Pakistan,PAK,0.258,2014,0
Vanuatu,Vanuatu,VUT,0.2571,2014,0
Kongo,Congo,COG,0.257,2014,0
Timor-Leste,Timor-Leste,TLS,0.2528,2014,0
Togo,Togo,TGO,0.2446,2014,0
Zambie,Zambia,ZMB,0.2389,2014,0
Mosambik,Mozambique,MOZ,0.2384,2014,0
Nepál,Nepal,NPL,0.2344,2014,0
Malawi,Malawi,MWI,0.2321,2014,0
Gambie,Gambia,GMB,0.2285,2014,0
Rovníková Guinea,Equatorial Guinea,GNQ,0.2268,2014,0
Svatý Tomáš a Princův ostrov,Sao Tome and Principe,STP,0.2218,2014,0
Šalamounovy ostrovy,Solomon Islands,SLB,0.2087,2014,0
Pobřeží slonoviny,Ivory Coast,CIV,0.2039,2014,0
Burundi,Burundi,BDI,0.1928,2014,0
Afghánistán,Afghanistan,AFG,0.19,2014,0
Mauritánie,Mauritania,MRT,0.1893,2014,0
Myanmar,Myanmar,MMR,0.1869,2014,0
Haiti,Haiti,HTI,0.1809,2014,0
Komory,Comoros,COM,0.1808,2014,0
Burkina Faso,Burkina Faso,BFA,0.1804,2014,0
Libérie,Liberia,LBR,0.1768,2014,0
Benin,Benin,BEN,0.1685,2014,0
Mali,Mali,MLI,0.1634,2014,0
Guinea-Bissau,Guinea-Bissau,GNB,0.1609,2014,0
Demokratická republika Kongo,Democratic Republic of the Congo,COD,0.1551,2014,0
Džibutsko,Djibouti,DJI,0.1456,2014,0
Jižní Súdán,South Sudan,SSD,0.1418,2014,0
Sierra Leone,Sierra Leone,SLE,0.1329,2014,0
Středoafrická republika,Central African Republic,CAF,0.1257,2014,0
Papua-Nová Guinea,Papua New Guinea,PNG,0.1203,2014,0
Čad,Chad,TCD,0.1076,2014,0
Guinea,Guinea,GIN,0.0954,2014,0
Niger,Niger,NER,0.0946,2014,0
Eritrea,Eritrea,ERI,0.0908,2014,0
Somálsko,Somalia,SOM,0.0139,2014,0
Jižní Korea,South Korea,KOR,0.9283,2012,0
Nizozemí,The Netherlands,NLD,0.9125,2012,1
Spojené království,United Kingdom,GBR,0.896,2012,1
Dánsko,Denmark,DNK,0.8889,2012,1
Spojené státy americké,United States of America,USA,0.8687,2012,0
Francie,France,FRA,0.8635,2012,1
Švédsko,Sweden,SWE,0.8599,2012,1
Norsko,Norway,NOR,0.8593,2012,0
Finsko,Finland,FIN,0.8505,2012,1
Singapur,Singapore,SGP,0.8474,2012,0
Kanada,Canada,CAN,0.843,2012,0
Austrálie,Australia,AUS,0.839,2012,0
Nový Zéland,New Zealand,NZL,0.8381,2012,0
Lichtenštejnsko,Lichtenstein,LIE,0.8264,2012,0
Švýcarsko,Switzerland,CHE,0.8134,2012,0
Izrael,Israel,ISR,0.81,2012,0
Německo,Germany,DEU,0.8079,2012,1
Japonsko,Japan,JPN,0.8019,2012,0
Lucembursko,Luxembourg,LUX,0.8014,2012,1
Estonsko,Estonia,EST,0.7987,2012,1
Rakousko,Austria,AUT,0.784,2012,1
Island,Iceland,ISL,0.7835,2012,0
Španělsko,Spain,ESP,0.777,2012,1
Belgie,Belgium,BEL,0.7718,2012,1
Slovinsko,Slovenia,SVN,0.7492,2012,1
Monaco,Monaco,MCO,0.7468,2012,0
Rusko,Russia,RUS,0.7345,2012,0
Spojené arabské emiráty,United Arab Emirates,ARE,0.7344,2012,0
Litva,Lithuania,LTU,0.7333,2012,1
Chorvatsko,Croatia,HRV,0.7328,2012,1
Maďarsko,Hungary,HUN,0.7201,2012,1
Itálie,Italy,ITA,0.719,2012,1
Portugalsko,Portugal,PRT,0.7165,2012,1
Irsko,Ireland,IRL,0.7149,2012,1
Malta,Malta,MLT,0.7131,2012,1
Bahrain,Bahrain,BHR,0.6946,2012,0
Řecko,Greece,GRC,0.6872,2012,1
Kazachstán,Kazakhstan,KAZ,0.6844,2012,0
Chile,Chile,CHL,0.6769,2012,0
Malajsie,Malaysia,MYS,0.6703,2012,0
Saudská arábie,Saudi Arabia,SAU,0.6658,2012,0
Lotyšsko,Latvia,LVA,0.6604,2012,1
Kolumbie,Colombia,COL,0.6572,2012,0
Barbados,Barbados,BRB,0.6566,2012,0
Kypr,Cyprus,CYP,0.6508,2012,1
Česká republika,Czech Republic,CZE,0.6491,2012,1
Polsko,Poland,POL,0.6441,2012,1
Katar,Qatar,QAT,0.6405,2012,0
Antigua a Barbuda,Antigua and Barbuda,ATG,0.6345,2012,0
Uruguay,Uruguay,URY,0.6315,2012,0
Srbsko,Serbia,SRB,0.6312,2012,0
San Marino,San Marino,SMR,0.6305,2012,0
Slovensko,Slovakia,SVK,0.6292,2012,1
Brunej,Brunei,BRN,0.625,2012,0
Mexiko,Mexico,MEX,0.624,2012,0
Argentina,Argentina,ARG,0.6228,2012,0
Černá Hora,Montenegro,MNE,0.6218,2012,0
Andorra,Andorra,AND,0.6172,2012,0
Brazílie,Brazil,BRA,0.6167,2012,0
Bulharsko,Bulgaria,BGR,0.6132,2012,1
Bělorusko,Belarus,BLR,0.609,2012,0
Rumunsko,Romania,ROU,0.606,2012,1
Kuvajt,Kuwait,KWT,0.596,2012,0
Omán,Oman,OMN,0.5944,2012,0
Bahamské ostrovy,Bahamas,BHS,0.5793,2012,0
Panama,Panama,PAN,0.5733,2012,0
Trinidad a Tobago,Trinidad and Tobago,TTO,0.5731,2012,0
Ukrajina,Ukraine,UKR,0.5653,2012,0
Moldavsko,Moldova,MDA,0.5626,2012,0
Makedonie,Macedonia,MKD,0.5587,2012,0
Venezuela,Venezuela,VEN,0.5585,2012,0
Gruzie,Georgia,GEO,0.5563,2012,0
Dominika,Dominica,DMA,0.5561,2012,0
El Salvador,El Salvador,SLV,0.5513,2012,0
Grenada,Grenada,GRD,0.5479,2012,0
Mongolsko,Mongolia,MNG,0.5443,2012,0
Kostarika,Costa Rica,CRI,0.5397,2012,0
Čína,China,CHN,0.5359,2012,0
Bosna a Hercegovina,Bosnia and Herzegovina,BIH,0.5328,2012,0
Turecko,Turkey,TUR,0.5281,2012,0
Svatý Kryštof a Nevis,Saint Kitts and Nevis,KNA,0.5272,2012,0
Peru,Peru,PER,0.523,2012,0
Vietnam,Vietnam,VNM,0.5217,2012,0
Seychely,Seychelles,SYC,0.5192,2012,0
Svatý Vincenc a Grenadiny,Saint Vincent and the Grenadines,VCT,0.5177,2012,0
Albánie,Albania,ALB,0.5161,2012,0
Libanon,Lebanon,LBN,0.5139,2012,0
Filipíny,Philippines,PHL,0.513,2012,0
Dominikánská republika,Dominican republic,DOM,0.513,2012,0
Svatá Lucie,Saint Lucia,LCA,0.5122,2012,0
Uzbekistán,Uzbekistan,UZB,0.5099,2012,0
Thajsko,Thailand,THA,0.5093,2012,0
Mauricius,Mauritius,MUS,0.5066,2012,0
Arménie,Armenia,ARM,0.4997,2012,0
Maledivy,Maldives,MDV,0.4994,2012,0
Ázerbajdžán,Azerbaijan,AZE,0.4984,2012,0
Indonésie,Indonesia,IDN,0.4949,2012,0
Jordán,Jordan,JOR,0.4884,2012,0
Kyrgyzstán,Kyrgyzstan,KGZ,0.4879,2012,0
Írán,Iran,IRN,0.4876,2012,0
Jihoafrická republika,South African Republic,ZAF,0.4869,2012,0
Ekvádor,Ecuador,ECU,0.4869,2012,0
Tunisko,Tunisia,TUN,0.4833,2012,0
Paraguay,Paraguay,PRY,0.4802,2012,0
Fiji,Fiji,FJI,0.4672,2012,0
Bolívie,Bolivia,BOL,0.4658,2012,0
Egypt,Egypt,EGY,0.4611,2012,0
Jamaica,Jamaica,JAM,0.4552,2012,0
Guyana,Guyana,GUY,0.4549,2012,0
Kuba,Cuba,CUB,0.4488,2012,0
Tonga,Tonga,TON,0.4405,2012,0
Guatemala,Guatemala,GTM,0.439,2012,0
Palau,Palau,PLW,0.4359,2012,0
Samoa,Samoa,WSM,0.4358,2012,0
Srí Lanka,Sri Lanka,LKA,0.4357,2012,0
Surinam,Suriname,SUR,0.4344,2012,0
Honduras,Honduras,HND,0.4341,2012,0
Kapverdy,Cape Verde,CPV,0.4297,2012,0
Keňa,Kenya,KEN,0.4212,2012,0
Maroko,Morocco,MAR,0.4209,2012,0
Botswana,Botswana,BWA,0.4186,2012,0
Tádžikistán,Tajikistan,TJK,0.4069,2012,0
Namibie,Namibia,NAM,0.3937,2012,0
Belize,Belize,BLZ,0.3923,2012,0
Indie,India,IND,0.3829,2012,0
Turkmenistán,Turkmenistan,TKM,0.3813,2012,0
Mikronésie,Micronesia,FSM,0.3812,2012,0
Sýrie,Syria,SYR,0.3705,2012,0
Gabon,Gabon,GAB,0.3687,2012,0
Nikaragua,Nicaragua,NIC,0.3621,2012,0
KLDR,North Korea,PRK,0.3616,2012,0
Alžírsko,Algeria,DZA,0.3608,2012,0
Zimbabwe,Zimbabwe,ZWE,0.3583,2012,0
Tuvalu,Tuvalu,TUV,0.3539,2012,0
Vanuatu,Vanuatu,VUT,0.3512,2012,0
Lesotho,Lesotho,LSO,0.3501,2012,0
Irák,Iraq,IRQ,0.3409,2012,0
Svatý Tomáš a Princův ostrov,Sao Tome and Principe,STP,0.3327,2012,0
Tanzánie,Tanzania,TZA,0.3311,2012,0
Rwanda,Rwanda,RWA,0.3291,2012,0
Nauru,Nauru,NRU,0.3242,2012,0
Angola,Angola,AGO,0.3203,2012,0
Uganda,Uganda,UGA,0.3185,2012,0
Svazijsko,Swaziland,SWZ,0.3179,2012,0
Ghana,Ghana,GHA,0.3159,2012,0
Marshallovy ostrovy,Marshall Islands,MHL,0.3129,2012,0
Kamerun,Cameroon,CMR,0.307,2012,0
Madagaskar,Madagascar,MDG,0.3054,2012,0
Kiribati,Kiribati,KIR,0.2998,2012,0
Bangladéš,Bangladesh,BGD,0.2991,2012,0
Rovníková Guinea,Equatorial Guinea,GNQ,0.2955,2012,0
Bhútán,Bhutan,BTN,0.2942,2012,0
Laos,Laos,LAO,0.2935,2012,0
Zambie,Zambia,ZMB,0.291,2012,0
Kambodža,Cambodia,KHM,0.2902,2012,0
Pákistán,Pakistan,PAK,0.2823,2012,0
Kongo,Congo,COG,0.2809,2012,0
Mosambik,Mozambique,MOZ,0.2786,2012,0
Malawi,Malawi,MWI,0.274,2012,0
Myanmar,Myanmar,MMR,0.2703,2012,0
Gambie,Gambia,GMB,0.2688,2012,0
Nigérie,Nigeria,NGA,0.2676,2012,0
Senegal,Senegal,SEN,0.2673,2012,0
Nepál,Nepal,NPL,0.2664,2012,0
Sudan,Sudan,SDN,0.261,2012,0
Pobřeží slonoviny,Ivory Coast,CIV,0.258,2012,0
Jemen,Yemen,YEM,0.2472,2012,0
Šalamounovy ostrovy,Solomon Islands,SLB,0.2416,2012,0
Libérie,Liberia,LBR,0.2407,2012,0
Timor-Leste,Timor-Leste,TLS,0.2365,2012,0
Komory,Comoros,COM,0.2358,2012,0
Etiopie,Ethiopia,ETH,0.2306,2012,0
Burundi,Burundi,BDI,0.2288,2012,0
Demokratická republika Kongo,Democratic Republic of the Congo,COD,0.228,2012,0
Jižní Súdán,South Sudan,SSD,0.2239,2012,0
Džibutsko,Djibouti,DJI,0.2228,2012,0
Papua-Nová Guinea,Papua New Guinea,PNG,0.2147,2012,0
Togo,Togo,TGO,0.2143,2012,0
Benin,Benin,BEN,0.2064,2012,0
Eritrea,Eritrea,ERI,0.2043,2012,0
Mauritánie,Mauritania,MRT,0.1996,2012,0
Guinea-Bissau,Guinea-Bissau,GNB,0.1945,2012,0
Mali,Mali,MLI,0.1857,2012,0
Afghánistán,Afghanistan,AFG,0.1701,2012,0
Burkina Faso,Burkina Faso,BFA,0.1578,2012,0
Sierra Leone,Sierra Leone,SLE,0.1557,2012,0
Haiti,Haiti,HTI,0.1512,2012,0
Niger,Niger,NER,0.1119,2012,0
Čad,Chad,TCD,0.1092,2012,0
Somálsko,Somalia,SOM,0.064,2012,0
Středoafrická republika,Central African Republic,CAF,0,2012,0
Guinea,Guinea,GIN,0,2012,0
Libye,Libya,LBY,0,2012,0
Jižní Korea,South Korea,KOR,0.8785,2010,0
Spojené státy americké,United States of America,USA,0.851,2010,0
Kanada,Canada,CAN,0.8448,2010,0
Spojené království,United Kingdom,GBR,0.8147,2010,1
Nizozemí,The Netherlands,NLD,0.8097,2010,1
Norsko,Norway,NOR,0.802,2010,0
Dánsko,Denmark,DNK,0.7872,2010,1
Austrálie,Australia,AUS,0.7863,2010,0
Španělsko,Spain,ESP,0.7516,2010,1
Francie,France,FRA,0.751,2010,1
Singapur,Singapore,SGP,0.7476,2010,0
Švédsko,Sweden,SWE,0.7474,2010,1
Bahrain,Bahrain,BHR,0.7363,2010,0
Nový Zéland,New Zealand,NZL,0.7311,2010,0
Německo,Germany,DEU,0.7309,2010,1
Belgie,Belgium,BEL,0.7225,2010,1
Japonsko,Japan,JPN,0.7152,2010,0
Švýcarsko,Switzerland,CHE,0.7136,2010,0
Finsko,Finland,FIN,0.6967,2010,1
Estonsko,Estonia,EST,0.6965,2010,1
Irsko,Ireland,IRL,0.6866,2010,1
Island,Iceland,ISL,0.6697,2010,0
Lichtenštejnsko,Lichtenstein,LIE,0.6694,2010,0
Rakousko,Austria,AUT,0.6679,2010,1
Lucembursko,Luxembourg,LUX,0.6672,2010,1
Izrael,Israel,ISR,0.6552,2010,0
Maďarsko,Hungary,HUN,0.6315,2010,1
Litva,Lithuania,LTU,0.6295,2010,1
Slovinsko,Slovenia,SVN,0.6243,2010,1
Malta,Malta,MLT,0.6129,2010,1
Kolumbie,Colombia,COL,0.6125,2010,0
Malajsie,Malaysia,MYS,0.6101,2010,0
Česká republika,Czech Republic,CZE,0.606,2010,1
Chile,Chile,CHL,0.6014,2010,0
Chorvatsko,Croatia,HRV,0.5858,2010,1
Uruguay,Uruguay,URY,0.5848,2010,0
Lotyšsko,Latvia,LVA,0.5826,2010,1
Itálie,Italy,ITA,0.58,2010,1
Portugalsko,Portugal,PRT,0.5787,2010,1
Barbados,Barbados,BRB,0.5714,2010,0
Řecko,Greece,GRC,0.5708,2010,1
Kypr,Cyprus,CYP,0.5705,2010,1
Slovensko,Slovakia,SVK,0.5639,2010,1
Bulharsko,Bulgaria,BGR,0.559,2010,1
Polsko,Poland,POL,0.5582,2010,1
Kazachstán,Kazakhstan,KAZ,0.5578,2010,0
Rumunsko,Romania,ROU,0.5479,2010,1
Argentina,Argentina,ARG,0.5467,2010,0
Spojené arabské emiráty,United Arab Emirates,ARE,0.5349,2010,0
Kuvajt,Kuwait,KWT,0.529,2010,0
Jordán,Jordan,JOR,0.5278,2010,0
Makedonie,Macedonia,MKD,0.5261,2010,0
Mongolsko,Mongolia,MNG,0.5243,2010,0
Ukrajina,Ukraine,UKR,0.5181,2010,0
Antigua a Barbuda,Antigua and Barbuda,ATG,0.5154,2010,0
Mexiko,Mexico,MEX,0.515,2010,0
Andorra,Andorra,AND,0.5148,2010,0
Saudská arábie,Saudi Arabia,SAU,0.5142,2010,0
Rusko,Russia,RUS,0.5136,2010,0
Černá Hora,Montenegro,MNE,0.5101,2010,0
Brazílie,Brazil,BRA,0.5006,2010,0
Katar,Qatar,QAT,0.4928,2010,0
Peru,Peru,PER,0.4923,2010,0
Bělorusko,Belarus,BLR,0.49,2010,0
Bahamské ostrovy,Bahamas,BHS,0.4871,2010,0
Tunisko,Tunisia,TUN,0.4826,2010,0
Trinidad a Tobago,Trinidad and Tobago,TTO,0.4806,2010,0
Brunej,Brunei,BRN,0.4796,2010,0
Turecko,Turkey,TUR,0.478,2010,0
Venezuela,Venezuela,VEN,0.4774,2010,0
Kostarika,Costa Rica,CRI,0.4749,2010,0
Čína,China,CHN,0.47,2010,0
El Salvador,El Salvador,SLV,0.47,2010,0
Bosna a Hercegovina,Bosnia and Herzegovina,BIH,0.4698,2010,0
Svatý Kryštof a Nevis,Saint Kitts and Nevis,KNA,0.4691,2010,0
Thajsko,Thailand,THA,0.4653,2010,0
Mauricius,Mauritius,MUS,0.4645,2010,0
Filipíny,Philippines,PHL,0.4637,2010,0
Panama,Panama,PAN,0.4619,2010,0
Moldavsko,Moldova,MDA,0.4611,2010,0
Srbsko,Serbia,SRB,0.4585,2010,0
Omán,Oman,OMN,0.4576,2010,0
Ázerbajdžán,Azerbaijan,AZE,0.4571,2010,0
Dominikánská republika,Dominican republic,DOM,0.4557,2010,0
Albánie,Albania,ALB,0.4519,2010,0
Egypt,Egypt,EGY,0.4518,2010,0
Uzbekistán,Uzbekistan,UZB,0.4498,2010,0
Svatá Lucie,Saint Lucia,LCA,0.4471,2010,0
Jamaica,Jamaica,JAM,0.4467,2010,0
Vietnam,Vietnam,VNM,0.4454,2010,0
Kyrgyzstán,Kyrgyzstan,KGZ,0.4417,2010,0
Maledivy,Maldives,MDV,0.4392,2010,0
Libanon,Lebanon,LBN,0.4388,2010,0
Svatý Vincenc a Grenadiny,Saint Vincent and the Grenadines,VCT,0.4355,2010,0
Ekvádor,Ecuador,ECU,0.4322,2010,0
Kuba,Cuba,CUB,0.4321,2010,0
Jihoafrická republika,South African Republic,ZAF,0.4306,2010,0
Bolívie,Bolivia,BOL,0.428,2010,0
Grenada,Grenada,GRD,0.4277,2010,0
Gruzie,Georgia,GEO,0.4248,2010,0
Paraguay,Paraguay,PRY,0.4243,2010,0
Írán,Iran,IRN,0.4234,2010,0
Palau,Palau,PLW,0.4189,2010,0
Seychely,Seychelles,SYC,0.4179,2010,0
Dominika,Dominica,DMA,0.4149,2010,0
Guyana,Guyana,GUY,0.414,2010,0
Honduras,Honduras,HND,0.4065,2010,0
Kapverdy,Cape Verde,CPV,0.4054,2010,0
Indonésie,Indonesia,IDN,0.4026,2010,0
Arménie,Armenia,ARM,0.4025,2010,0
Srí Lanka,Sri Lanka,LKA,0.3995,2010,0
Guatemala,Guatemala,GTM,0.3937,2010,0
Fiji,Fiji,FJI,0.3925,2010,0
Libye,Libya,LBY,0.3799,2010,0
Samoa,Samoa,WSM,0.3742,2010,0
Tonga,Tonga,TON,0.3697,2010,0
Botswana,Botswana,BWA,0.3637,2010,0
Nikaragua,Nicaragua,NIC,0.363,2010,0
Indie,India,IND,0.3567,2010,0
Belize,Belize,BLZ,0.3513,2010,0
Lesotho,Lesotho,LSO,0.3512,2010,0
Tádžikistán,Tajikistan,TJK,0.3477,2010,0
Gabon,Gabon,GAB,0.342,2010,0
Keňa,Kenya,KEN,0.3338,2010,0
Namibie,Namibia,NAM,0.3314,2010,0
Maroko,Morocco,MAR,0.3287,2010,0
Surinam,Suriname,SUR,0.3283,2010,0
Svatý Tomáš a Princův ostrov,Sao Tome and Principe,STP,0.3258,2010,0
Zimbabwe,Zimbabwe,ZWE,0.323,2010,0
Turkmenistán,Turkmenistan,TKM,0.3226,2010,0
Alžírsko,Algeria,DZA,0.3181,2010,0
Angola,Angola,AGO,0.311,2010,0
Sýrie,Syria,SYR,0.3103,2010,0
Bangladéš,Bangladesh,BGD,0.3028,2010,0
Kongo,Congo,COG,0.3019,2010,0
Irák,Iraq,IRQ,0.2996,2010,0
Tanzanie,Tanzania,TZA,0.2926,2010,0
Rovníková Guinea,Equatorial Guinea,GNQ,0.2902,2010,0
Madagaskar,Madagascar,MDG,0.289,2010,0
Kambodža,Cambodia,KHM,0.2878,2010,0
Myanmar,Myanmar,MMR,0.2818,2010,0
Uganda,Uganda,UGA,0.2812,2010,0
Zambie,Zambia,ZMB,0.281,2010,0
Pobřeží slonoviny,Ivory Coast,CIV,0.2805,2010,0
Svazijsko,Swaziland,SWZ,0.2757,2010,0
Pákistán,Pakistan,PAK,0.2755,2010,0
Ghana,Ghana,GHA,0.2754,2010,0
Rwanda,Rwanda,RWA,0.2749,2010,0
Kamerun,Cameroon,CMR,0.2722,2010,0
Nigérie,Nigeria,NGA,0.2687,2010,0
Laos,Laos,LAO,0.2637,2010,0
Bhútán,Bhutan,BTN,0.2598,2010,0
Nepál,Nepal,NPL,0.2568,2010,0
Sudan,Sudan,SDN,0.2542,2010,0
Vanuatu,Vanuatu,VUT,0.2521,2010,0
Šalamounovy ostrovy,Solomon Islands,SLB,0.2445,2010,0
Mauritánie,Mauritania,MRT,0.2359,2010,0
Demokratická republika Kongo,Democratic Republic of the Congo,COD,0.2357,2010,0
Malawi,Malawi,MWI,0.2357,2010,0
Komory,Comoros,COM,0.2327,2010,0
Mosambik,Mozambique,MOZ,0.2288,2010,0
Timor-Leste,Timor-Leste,TLS,0.2273,2010,0
Senegal,Senegal,SEN,0.2241,2010,0
Jemen,Yemen,YEM,0.2154,2010,0
Togo,Togo,TGO,0.215,2010,0
Libérie,Liberia,LBR,0.2133,2010,0
Gambie,Gambia,GMB,0.2117,2010,0
Afghánistán,Afghanistan,AFG,0.2098,2010,0
Haiti,Haiti,HTI,0.2074,2010,0
Džibutsko,Djibouti,DJI,0.2059,2010,0
Papua-Nová Guinea,Papua New Guinea,PNG,0.2043,2010,0
Etiopie,Ethiopia,ETH,0.2033,2010,0
Benin,Benin,BEN,0.2017,2010,0
Burundi,Burundi,BDI,0.2014,2010,0
Eritrea,Eritrea,ERI,0.1859,2010,0
Mali,Mali,MLI,0.1815,2010,0
Sierra Leone,Sierra Leone,SLE,0.1697,2010,0
Burkina Faso,Burkina Faso,BFA,0.1587,2010,0
Guinea-Bissau,Guinea-Bissau,GNB,0.1561,2010,0
Guinea,Guinea,GIN,0.1426,2010,0
Středoafrická republika,Central African Republic,CAF,0.1399,2010,0
Čad,Chad,TCD,0.1235,2010,0
Niger,Niger,NER,0.1098,2010,0
Švédsko,Sweden,SWE,0.915,2008,1
Dánsko,Denmark,DNK,0.9125,2008,1
Norsko,Norway,NOR,0.8916,2008,0
Nizozemí,The Netherlands,NLD,0.8638,2008,1
Spojené státy americké,United States of America,USA,0.8635,2008,0
Jižní Korea,South Korea,KOR,0.8318,2008,0
Kanada,Canada,CAN,0.8178,2008,0
Austrálie,Australia,AUS,0.8114,2008,0
Francie,France,FRA,0.8035,2008,1
Spojené království,United Kingdom,GBR,0.7881,2008,1
Japonsko,Japan,JPN,0.7706,2008,0
Švýcarsko,Switzerland,CHE,0.7647,2008,0
Estonsko,Estonia,EST,0.7605,2008,1
Lucembursko,Luxembourg,LUX,0.7527,2008,1
Finsko,Finland,FIN,0.75,2008,1
Rakousko,Austria,AUT,0.7436,2008,1
Nový Zéland,New Zealand,NZL,0.7402,2008,0
Izrael,Israel,ISR,0.7401,2008,0
Irsko,Ireland,IRL,0.7302,2008,1
Španělsko,Spain,ESP,0.7231,2008,1
Island,Iceland,ISL,0.7201,2008,0
Německo,Germany,DEU,0.715,2008,1
Singapur,Singapore,SGP,0.7018,2008,0
Belgie,Belgium,BEL,0.6793,2008,1
Česká republika,Czech Republic,CZE,0.6699,2008,1
Slovinsko,Slovenia,SVN,0.6698,2008,1
Itálie,Italy,ITA,0.6696,2008,1
Litva,Lithuania,LTU,0.6623,2008,1
Malta,Malta,MLT,0.6575,2008,1
Maďarsko,Hungary,HUN,0.6497,2008,1
Portugalsko,Portugal,PRT,0.6484,2008,1
Spojené arabské emiráty,United Arab Emirates,ARE,0.6293,2008,0
Polsko,Poland,POL,0.6142,2008,1
Malajsie,Malaysia,MYS,0.6056,2008,0
Kypr,Cyprus,CYP,0.6032,2008,1
Lotyšsko,Latvia,LVA,0.5959,2008,1
Slovensko,Slovakia,SVK,0.5901,2008,1
Mexiko,Mexico,MEX,0.5881,2008,0
Argentina,Argentina,ARG,0.5846,2008,0
Čile,Chile,CHL,0.5821,2008,0
Řecko,Greece,GRC,0.5734,2008,1
Ukrajina,Ukraine,UKR,0.5732,2008,0
Bahrajn,Bahrain,BHR,0.5729,2008,0
Bulharsko,Bulgaria,BGR,0.5727,2008,1
Barbados,Barbados,BRB,0.5694,2008,0
Brazílie,Brazil,BRA,0.5675,2008,0
Chorvatsko,Croatia,HRV,0.5663,2008,1
Uruguay,Uruguay,URY,0.5651,2008,0
Lichtenštejnsko,Lichtenstein,LIE,0.5523,2008,0
Jordán,Jordan,JOR,0.5475,2008,0
Rumunsko,Romania,ROU,0.5395,2008,1
Katar,Qatar,QAT,0.5328,2008,0
Trinidad a Tobago,Trinidad and Tobago,TTO,0.5316,2008,0
Kolumbie,Colombia,COL,0.5315,2008,0
Peru,Peru,PER,0.5248,2008,0
Bělorusko,Belarus,BLR,0.5233,2008,0
Kuvajt,Kuwait,KWT,0.5213,2008,0
Andorra,Andorra,AND,0.5198,2008,0
Kostarika,Costa Rica,CRI,0.5152,2008,0
Rusko,Russia,RUS,0.5138,2008,0
Jihoafrická republika,South African Republic,ZAF,0.511,2008,0
Venezuela,Venezuela,VEN,0.5099,2008,0
Mauricius,Mauritius,MUS,0.509,2008,0
Thajsko,Thailand,THA,0.5031,2008,0
Čína,China,CHN,0.5017,2008,0
Filipíny,Philippines,PHL,0.5,2008,0
El Salvador,El Salvador,SLV,0.4966,2008,0
Seychely,Seychelles,SYC,0.4962,2008,0
Monaco,Monaco,MCO,0.4949,2008,0
Dominikánská republika,Dominican republic,DOM,0.4942,2008,0
Saudská Arábie,Saudi Arabia,SAU,0.4938,2008,0
Bahamské ostrovy,Bahamas,BHS,0.493,2008,0
Makedonie,Macedonia,MKD,0.4879,2008,0
Bolívie,Bolivia,BOL,0.4864,2008,0
Libanon,Lebanon,LBN,0.485,2008,0
Ekvádor,Ecuador,ECU,0.4844,2008,0
Srbsko,Serbia,SRB,0.4841,2008,0
Turecko,Turkey,TUR,0.484,2008,0
Svatý Kryštof a Nevis,Saint Kitts and Nevis,KNA,0.4834,2008,0
Svatá Lucie,Saint Lucia,LCA,0.4766,2008,0
Kazachstán,Kazakhstan,KAZ,0.4759,2008,0
Egypt,Egypt,EGY,0.4754,2008,0
Mongolsko,Mongolia,MNG,0.4741,2008,0
Panama,Panama,PAN,0.4724,2008,0
Jamaica,Jamaica,JAM,0.4693,2008,0
Omán,Oman,OMN,0.4689,2008,0
Brunej,Brunei,BRN,0.4688,2008,0
Albánie,Albania,ALB,0.4678,2008,0
Paraguay,Paraguay,PRY,0.4657,2008,0
Ázerbájdžán,Azerbaijan,AZE,0.4615,2008,0
Gruzie,Georgia,GEO,0.4609,2008,0
Grenada,Grenada,GRD,0.4563,2008,0
Vietnam,Vietnam,VNM,0.456,2008,0
Bosna a Hercegovina,Bosnia and Herzegovina,BIH,0.4525,2008,0
Moldavsko,Moldova,MDA,0.4524,2008,0
Antigua a Barbuda,Antigua and Barbuda,ATG,0.4516,2008,0
Maledivy,Maldives,MDV,0.4506,2008,0
Guyana,Guyana,GUY,0.4395,2008,0
Svatý Vincenc a Grenadiny,Saint Vincent and the Grenadines,VCT,0.4323,2008,0
Černá Hora,Montenegro,MNE,0.4288,2008,0
Guatemala,Guatemala,GTM,0.4279,2008,0
Srí Lanka,Sri Lanka,LKA,0.4246,2008,0
Kyrgyzstán,Kyrgyzstan,KGZ,0.4208,2008,0
Arménie,Armenia,ARM,0.4197,2008,0
Fidži,Fiji,FJI,0.417,2008,0
Kapverdy,Cape Verde,CPV,0.4161,2008,0
Indonésie,Indonesia,IDN,0.4115,2008,0
Belize,Belize,BLZ,0.4113,2008,0
Írán,Iran,IRN,0.4082,2008,0
Uzbekistán,Uzbekistan,UZB,0.407,2008,0
Honduras,Honduras,HND,0.4052,2008,0
Kuba,Cuba,CUB,0.4008,2008,0
San Marino,San Marino,SMR,0.3998,2008,0
Tonga,Tonga,TON,0.3972,2008,0
Lesotho,Lesotho,LSO,0.3809,2008,0
Indie,India,IND,0.3804,2008,0
Dominika,Dominica,DMA,0.3784,2008,0
Samoa,Samoa,WSM,0.3782,2008,0
Nikaragua,Nicaragua,NIC,0.3676,2008,0
Botswana,Botswana,BWA,0.3662,2008,0
Sýrie,Syria,SYR,0.3627,2008,0
Libye,Libya,LBY,0.3574,2008,0
Alžírsko,Algeria,DZA,0.3528,2008,0
Surinam,Suriname,SUR,0.3503,2008,0
Tunisko,Tunisia,TUN,0.3479,2008,0
Keňa,Kenya,KEN,0.3478,2008,0
Svazijsko,Swaziland,SWZ,0.3463,2008,0
Namibie,Namibia,NAM,0.3462,2008,0
Angola,Angola,AGO,0.3317,2008,0
Turkmenistán,Turkmenistan,TKM,0.329,2008,0
Gabon,Gabon,GAB,0.3252,2008,0
Svatý Tomáš a Princův ostrov,Sao Tome and Principe,STP,0.3236,2008,0
Tádžikistán,Tajikistan,TJK,0.3178,2008,0
Pákistán,Pakistan,PAK,0.3149,2008,0
Uganda,Uganda,UGA,0.3138,2008,0
Madagaskar,Madagascar,MDG,0.3071,2008,0
Nigérie,Nigeria,NGA,0.3071,2008,0
Bhútán,Bhutan,BTN,0.3064,2008,0
Zimbabwe,Zimbabwe,ZWE,0.3022,2008,0
Kambodža,Cambodia,KHM,0.2999,2008,0
Ghana,Ghana,GHA,0.2998,2008,0
Maroko,Morocco,MAR,0.2953,2008,0
Rwanda,Rwanda,RWA,0.2943,2008,0
Myanmar,Myanmar,MMR,0.294,2008,0
Tanzánie,Tanzania,TZA,0.2936,2008,0
Bangladéš,Bangladesh,BGD,0.293,2008,0
Rovníková Guinea,Equatorial Guinea,GNQ,0.2912,2008,0
Malawi,Malawi,MWI,0.2885,2008,0
Šalamounovy ostrovy,Solomon Islands,SLB,0.2762,2008,0
Kongo,Congo,COG,0.2758,2008,0
Kamerun,Cameroon,CMR,0.2747,2008,0
Nepál,Nepal,NPL,0.2724,2008,0
Irák,Iraq,IRQ,0.2706,2008,0
Mosambik,Mozambique,MOZ,0.2554,2008,0
Vanuatu,Vanuatu,VUT,0.2532,2008,0
Senegal,Senegal,SEN,0.2525,2008,0
Východní Timor,East Timor,TLS,0.2471,2008,0
Laos,Laos,LAO,0.2403,2008,0
Džibutsko,Djibouti,DJI,0.229,2008,0
Zambie,Zambia,ZMB,0.2288,2008,0
Gambie,Gambia,GMB,0.2258,2008,0
Togo,Togo,TGO,0.2205,2008,0
Súdán,Sudan,SDN,0.2202,2008,0
Demokratická republika Kongo,Democratic Republic of the Congo,COD,0.219,2008,0
Libérie,Liberia,LBR,0.2181,2008,0
Jemen,Yemen,YEM,0.2156,2008,0
Haiti,Haiti,HTI,0.2112,2008,0
Papua-Nová Guinea,Papua New Guinea,PNG,0.209,2008,0
Afghánistán,Afghanistan,AFG,0.2042,2008,0
Mauritánie,Mauritania,MRT,0.2042,2008,0
Eritrea,Eritrea,ERI,0.1978,2008,0
Komory,Comoros,COM,0.1913,2008,0
Benin,Benin,BEN,0.1867,2008,0
Pobřeží slonoviny,Ivory Coast,CIV,0.1865,2008,0
Etiopie,Ethiopia,ETH,0.1858,2008,0
Burundi,Burundi,BDI,0.1805,2008,0
Mali,Mali,MLI,0.1589,2008,0
Burkina Faso,Burkina Faso,BFA,0.1538,2008,0
Guinea-Bissau,Guinea-Bissau,GNB,0.1534,2008,0
Sierra Leone,Sierra Leone,SLE,0.1472,2008,0
Středoafrická republika,Central African Republic,CAF,0.1426,2008,0
Guinea,Guinea,GIN,0.1409,2008,0
Niger,Niger,NER,0.1147,2008,0
Čad,Chad,TCD,0.1056,2008,0
Palau,Palau,PLW,0.0591,2008,0
Mikronésie,Micronesia,FSM,0.0548,2008,0
Tuvalu,Tuvalu,TUV,0.0431,2008,0
Marshallovy ostrovy,Marshall Islands,MHL,0.0385,2008,0
Kiribati,Kiribati,KIR,0.0284,2008,0
Nauru,Nauru,NRU,0.0219,2008,0
KLDR,North Korea,PRK,0.0097,2008,0
Somálsko,Somalia,SOM,0.0048,2008,0
Spojené státy americké,United States of America,USA,0.9062,2005,0
Dánsko,Denmark,DNK,0.905766667,2005,1
Švédsko,Sweden,SWE,0.8983,2005,1
Spojené království,United Kingdom,GBR,0.877766667,2005,1
Jižní Korea,South Korea,KOR,0.872733333,2005,0
Austrálie,Australia,AUS,0.867866667,2005,0
Singapur,Singapore,SGP,0.850333333,2005,0
Kanada,Canada,CAN,0.8425,2005,0
Finsko,Finland,FIN,0.8231,2005,1
Norsko,Norway,NOR,0.822833333,2005,0
Německo,Germany,DEU,0.804966667,2005,1
Nizozemí,The Netherlands,NLD,0.802033333,2005,1
Nový Zéland,New Zealand,NZL,0.798633333,2005,0
Japonsko,Japan,JPN,0.780133333,2005,0
Island,Iceland,ISL,0.779366667,2005,0
Rakousko,Austria,AUT,0.760233333,2005,1
Švýcarsko,Switzerland,CHE,0.754766667,2005,0
Belgie,Belgium,BEL,0.738066667,2005,1
Estonsko,Estonia,EST,0.734766667,2005,1
Irsko,Ireland,IRL,0.725066667,2005,1
Malta,Malta,MLT,0.7012,2005,1
Čile,Chile,CHL,0.696266667,2005,0
Francie,France,FRA,0.6925,2005,1
Izrael,Israel,ISR,0.690333333,2005,0
Itálie,Italy,ITA,0.679366667,2005,1
Slovinsko,Slovenia,SVN,0.676166667,2005,1
Maďarsko,Hungary,HUN,0.653566667,2005,1
Lucembursko,Luxembourg,LUX,0.6513,2005,1
Česká republika,Czech Republic,CZE,0.639566667,2005,1
Portugalsko,Portugal,PRT,0.6084,2005,1
Mexiko,Mexico,MEX,0.6061,2005,0
Lotyšsko,Latvia,LVA,0.605033333,2005,1
Brazílie,Brazil,BRA,0.598133333,2005,0
Argentina,Argentina,ARG,0.597133333,2005,0
Řecko,Greece,GRC,0.5921,2005,1
Slovensko,Slovakia,SVK,0.5887,2005,1
Kypr,Cyprus,CYP,0.5872,2005,1
Polsko,Poland,POL,0.5872,2005,1
Španělsko,Spain,ESP,0.584733333,2005,1
Litva,Lithuania,LTU,0.578633333,2005,1
Filipíny,Philippines,PHL,0.5721,2005,0
Spojené arabské emiráty,United Arab Emirates,ARE,0.5718,2005,0
Malajsie,Malaysia,MYS,0.570566667,2005,0
Rumunsko,Romania,ROU,0.5704,2005,1
Bulharsko,Bulgaria,BGR,0.560466667,2005,1
Thajsko,Thailand,THA,0.551766667,2005,0
Chorvatsko,Croatia,HRV,0.548033333,2005,1
Ukrajina,Ukraine,UKR,0.545633333,2005,0
Uruguay,Uruguay,URY,0.5387,2005,0
Rusko,Russia,RUS,0.532833333,2005,0
Bělorusko,Belarus,BLR,0.531866667,2005,0
Mauricius,Mauritius,MUS,0.531666667,2005,0
Bahrajn,Bahrain,BHR,0.528133333,2005,0
Kolumbie,Colombia,COL,0.522133333,2005,0
Venezuela,Venezuela,VEN,0.516066667,2005,0
Peru,Peru,PER,0.508933333,2005,0
Čína,China,CHN,0.507766667,2005,0
Jihoafrická republika,South African Republic,ZAF,0.507533333,2005,0
Jamaica,Jamaica,JAM,0.506433333,2005,0
Turecko,Turkey,TUR,0.495966667,2005,0
Barbados,Barbados,BRB,0.492033333,2005,0
Katar,Qatar,QAT,0.4895,2005,0
Seychely,Seychelles,SYC,0.488366667,2005,0
Panama,Panama,PAN,0.482166667,2005,0
Kazachstán,Kazakhstan,KAZ,0.481266667,2005,0
Trinidad a Tobago,Trinidad and Tobago,TTO,0.4768,2005,0
Bahamské ostrovy,Bahamas,BHS,0.467566667,2005,0
Jordán,Jordan,JOR,0.4639,2005,0
Makedonie,Macedonia,MKD,0.4633,2005,0
Kostarika,Costa Rica,CRI,0.461133333,2005,0
Libanon,Lebanon,LBN,0.456,2005,0
Svatý Kryštof a Nevis,Saint Kitts and Nevis,KNA,0.449233333,2005,0
Brunej,Brunei,BRN,0.447533333,2005,0
Svatá Lucie,Saint Lucia,LCA,0.446733333,2005,0
Kuvajt,Kuwait,KWT,0.443133333,2005,0
Kyrgyzstán,Kyrgyzstan,KGZ,0.441733333,2005,0
Maledivy,Maldives,MDV,0.4321,2005,0
El Salvador,El Salvador,SLV,0.4225,2005,0
Uzbekistán,Uzbekistan,UZB,0.411366667,2005,0
Saudská Arábie,Saudi Arabia,SAU,0.410466667,2005,0
Fidži,Fiji,FJI,0.408133333,2005,0
Dominikánská republika,Dominican republic,DOM,0.407566667,2005,0
Gruzie,Georgia,GEO,0.403366667,2005,0
Bosna a Hercegovina,Bosnia and Herzegovina,BIH,0.4019,2005,0
Bolívie,Bolivia,BOL,0.401766667,2005,0
Antigua a Barbuda,Antigua and Barbuda,ATG,0.401033333,2005,0
Indie,India,IND,0.400133333,2005,0
Svatý Vincenc a Grenadiny,Saint Vincent and the Grenadines,VCT,0.400033333,2005,0
Guyana,Guyana,GUY,0.3985,2005,0
Botswana,Botswana,BWA,0.397733333,2005,0
Samoa,Samoa,WSM,0.3977,2005,0
Ekvádor,Ecuador,ECU,0.396633333,2005,0
Mongolsko,Mongolia,MNG,0.396233333,2005,0
Srí Lanka,Sri Lanka,LKA,0.395033333,2005,0
Grenada,Grenada,GRD,0.387966667,2005,0
Indonésie,Indonesia,IDN,0.381866667,2005,0
Belize,Belize,BLZ,0.3815,2005,0
Írán,Iran,IRN,0.381366667,2005,0
Egypt,Egypt,EGY,0.3793,2005,0
Guatemala,Guatemala,GTM,0.377666667,2005,0
Ázerbájdžán,Azerbaijan,AZE,0.377333333,2005,0
Albánie,Albania,ALB,0.373166667,2005,0
Kuba,Cuba,CUB,0.369966667,2005,0
Tonga,Tonga,TON,0.368033333,2005,0
Vietnam,Vietnam,VNM,0.364,2005,0
Arménie,Armenia,ARM,0.362466667,2005,0
Paraguay,Paraguay,PRY,0.362,2005,0
Svazijsko,Swaziland,SWZ,0.3593,2005,0
Moldavsko,Moldova,MDA,0.345866667,2005,0
Surinam,Suriname,SUR,0.344933333,2005,0
Namibie,Namibia,NAM,0.341066667,2005,0
Omán,Oman,OMN,0.340533333,2005,0
Nikaragua,Nicaragua,NIC,0.338266667,2005,0
Lesotho,Lesotho,LSO,0.337333333,2005,0
Honduras,Honduras,HND,0.334766667,2005,0
Kapverdy,Cape Verde,CPV,0.334633333,2005,0
Tádžikistán,Tajikistan,TJK,0.334566667,2005,0
Irák,Iraq,IRQ,0.3334,2005,0
Dominika,Dominica,DMA,0.333366667,2005,0
Zimbabwe,Zimbabwe,ZWE,0.331633333,2005,0
Tunisko,Tunisia,TUN,0.331033333,2005,0
Keňa,Kenya,KEN,0.329833333,2005,0
Alžírsko,Algeria,DZA,0.324233333,2005,0
San Marino,San Marino,SMR,0.310933333,2005,0
Uganda,Uganda,UGA,0.308133333,2005,0
Nepál,Nepal,NPL,0.3021,2005,0
Tanzánie,Tanzania,TZA,0.302,2005,0
Kambodža,Cambodia,KHM,0.298933333,2005,0
Myanmar,Myanmar,MMR,0.295933333,2005,0
Bhútán,Bhutan,BTN,0.294033333,2005,0
Gabon,Gabon,GAB,0.292833333,2005,0
Sýrie,Syria,SYR,0.287066667,2005,0
Ghana,Ghana,GHA,0.286633333,2005,0
Kongo,Congo,COG,0.2855,2005,0
Svatý Tomáš a Princův ostrov,Sao Tome and Principe,STP,0.283733333,2005,0
Pákistán,Pakistan,PAK,0.283566667,2005,0
Malawi,Malawi,MWI,0.279466667,2005,0
Maroko,Morocco,MAR,0.2774,2005,0
Nigérie,Nigeria,NGA,0.2758,2005,0
Šalamounovy ostrovy,Solomon Islands,SLB,0.266866667,2005,0
Madagaskar,Madagascar,MDG,0.264033333,2005,0
Papua-Nová Guinea,Papua New Guinea,PNG,0.2539,2005,0
Rwanda,Rwanda,RWA,0.252966667,2005,0
Východní Timor,East Timor,TLS,0.251166667,2005,0
Kamerun,Cameroon,CMR,0.250033333,2005,0
Mosambik,Mozambique,MOZ,0.244833333,2005,0
Laos,Laos,LAO,0.242066667,2005,0
Monaco,Monaco,MCO,0.240433333,2005,0
Džibutsko,Djibouti,DJI,0.238066667,2005,0
Súdán,Sudan,SDN,0.236933333,2005,0
Benin,Benin,BEN,0.2309,2005,0
Togo,Togo,TGO,0.227366667,2005,0
Senegal,Senegal,SEN,0.223766667,2005,0
Jemen,Yemen,YEM,0.2125,2005,0
Komory,Comoros,COM,0.197333333,2005,0
Srbsko,Serbia,SRB,0.195966667,2005,0
Eritrea,Eritrea,ERI,0.184866667,2005,0
Angola,Angola,AGO,0.184,2005,0
Andorra,Andorra,AND,0.183633333,2005,0
Pobřeží slonoviny,Ivory Coast,CIV,0.182033333,2005,0
Lichtenštejnsko,Lichtenstein,LIE,0.178933333,2005,0
Bangladéš,Bangladesh,BGD,0.1762,2005,0
Gambie,Gambia,GMB,0.173666667,2005,0
Mauritánie,Mauritania,MRT,0.172333333,2005,0
Vanuatu,Vanuatu,VUT,0.166433333,2005,0
Burundi,Burundi,BDI,0.164266667,2005,0
Sierra Leone,Sierra Leone,SLE,0.163933333,2005,0
Afghánistán,Afghanistan,AFG,0.148966667,2005,0
Čad,Chad,TCD,0.143333333,2005,0
Guinea,Guinea,GIN,0.139566667,2005,0
Etiopie,Ethiopia,ETH,0.136033333,2005,0
Burkina Faso,Burkina Faso,BFA,0.1329,2005,0
Mali,Mali,MLI,0.0925,2005,0
Niger,Niger,NER,0.066133333,2005,0
Palau,Palau,PLW,0.0564,2005,0
Mikronésie,Micronesia,FSM,0.0532,2005,0
Marshallovy ostrovy,Marshall Islands,MHL,0.044,2005,0
Tuvalu,Tuvalu,TUV,0.037,2005,0
Nauru,Nauru,NRU,0.035733333,2005,0
Středoafrická republika,Central African Republic,CAF,0.144266667,2005,0
KLDR,North Korea,PRK,0.0019,2005,0
Demokratická republika Kongo,Democratic Republic of the Congo,COD,0.1707,2005,0
Rovníková Guinea,Equatorial Guinea,GNQ,0.2618,2005,0
Guinea-Bissau,Guinea-Bissau,GNB,0.133566667,2005,0
Haiti,Haiti,HTI,0.178566667,2005,0
Kiribati,Kiribati,KIR,0.008433333,2005,0
Libérie,Liberia,LBR,0.001066667,2005,0
Libye,Libya,LBY,0.3091,2005,0
Somálsko,Somalia,SOM,0.002433333,2005,0
Turkmenistán,Turkmenistan,TKM,0.3225,2005,0
Zambie,Zambia,ZMB,0.234333333,2005,0
Spojené státy americké,United States of America,USA,0.927,2003,0
Dánsko,Denmark,DNK,0.839666667,2003,1
Švédsko,Sweden,SWE,0.831,2003,1
Spojené království,United Kingdom,GBR,0.820333333,2003,1
Jižní Korea,South Korea,KOR,0.814,2003,0
Austrálie,Australia,AUS,0.806333333,2003,0
Singapur,Singapore,SGP,0.778333333,2003,0
Kanada,Canada,CAN,0.763333333,2003,0
Finsko,Finland,FIN,0.761666667,2003,1
Norsko,Norway,NOR,0.761333333,2003,0
Německo,Germany,DEU,0.746333333,2003,1
Nizozemí,The Netherlands,NLD,0.746333333,2003,1
Nový Zéland,New Zealand,NZL,0.744,2003,0
Japonsko,Japan,JPN,0.718333333,2003,0
Island,Iceland,ISL,0.701666667,2003,0
Rakousko,Austria,AUT,0.696666667,2003,1
Švýcarsko,Switzerland,CHE,0.696666667,2003,0
Belgie,Belgium,BEL,0.693333333,2003,1
Estonsko,Estonia,EST,0.689666667,2003,1
Irsko,Ireland,IRL,0.685,2003,1
Malta,Malta,MLT,0.675666667,2003,1
Čile,Chile,CHL,0.671,2003,0
Francie,France,FRA,0.670333333,2003,1
Izrael,Israel,ISR,0.663333333,2003,0
Itálie,Italy,ITA,0.656,2003,1
Slovinsko,Slovenia,SVN,0.645666667,2003,1
Maďarsko,Hungary,HUN,0.636,2003,1
Lucembursko,Luxembourg,LUX,0.631333333,2003,1
Česká republika,Czech Republic,CZE,0.602333333,2003,1
Portugalsko,Portugal,PRT,0.593333333,2003,1
Mexiko,Mexico,MEX,0.577,2003,0
Lotyšsko,Latvia,LVA,0.576333333,2003,1
Brazílie,Brazil,BRA,0.573666667,2003,0
Argentina,Argentina,ARG,0.557333333,2003,0
Řecko,Greece,GRC,0.548,2003,1
Slovensko,Slovakia,SVK,0.541666667,2003,1
Kypr,Cyprus,CYP,0.54,2003,1
Polsko,Poland,POL,0.534333333,2003,1
Španělsko,Spain,ESP,0.531666667,2003,1
Litva,Lithuania,LTU,0.528,2003,1
Filipíny,Philippines,PHL,0.526666667,2003,0
Spojené arabské emiráty,United Arab Emirates,ARE,0.526666667,2003,0
Malajsie,Malaysia,MYS,0.524,2003,0
Rumunsko,Romania,ROU,0.516333333,2003,1
Bulharsko,Bulgaria,BGR,0.515,2003,1
Thajsko,Thailand,THA,0.509666667,2003,0
Chorvatsko,Croatia,HRV,0.507333333,2003,1
Ukrajina,Ukraine,UKR,0.505666667,2003,0
Uruguay,Uruguay,URY,0.505666667,2003,0
Rusko,Russia,RUS,0.482666667,2003,0
Bělorusko,Belarus,BLR,0.474333333,2003,0
Mauricius,Mauritius,MUS,0.471333333,2003,0
Bahrajn,Bahrain,BHR,0.463,2003,0
Kolumbie,Colombia,COL,0.461666667,2003,0
Venezuela,Venezuela,VEN,0.458666667,2003,0
Peru,Peru,PER,0.445666667,2003,0
Čína,China,CHN,0.443333333,2003,0
Jihoafrická republika,South African Republic,ZAF,0.442666667,2003,0
Jamaica,Jamaica,JAM,0.438,2003,0
Turecko,Turkey,TUR,0.437333333,2003,0
Barbados,Barbados,BRB,0.432333333,2003,0
Katar,Qatar,QAT,0.432,2003,0
Seychely,Seychelles,SYC,0.429333333,2003,0
Panama,Panama,PAN,0.429,2003,0
Kazachstán,Kazakhstan,KAZ,0.427333333,2003,0
Trinidad a Tobago,Trinidad and Tobago,TTO,0.427,2003,0
Bahamské ostrovy,Bahamas,BHS,0.426,2003,0
Jordán,Jordan,JOR,0.425,2003,0
Makedonie,Macedonia,MKD,0.423666667,2003,0
Kostarika,Costa Rica,CRI,0.422333333,2003,0
Libanon,Lebanon,LBN,0.422,2003,0
Svatý Kryštof a Nevis,Saint Kitts and Nevis,KNA,0.421666667,2003,0
Brunej,Brunei,BRN,0.419666667,2003,0
Svatá Lucie,Saint Lucia,LCA,0.416,2003,0
Kuvajt,Kuwait,KWT,0.413333333,2003,0
Kyrgyzstán,Kyrgyzstan,KGZ,0.412666667,2003,0
Maledivy,Maldives,MDV,0.411,2003,0
El Salvador,El Salvador,SLV,0.411,2003,0
Uzbekistán,Uzbekistan,UZB,0.410333333,2003,0
Saudská Arábie,Saudi Arabia,SAU,0.409333333,2003,0
Fidži,Fiji,FJI,0.396333333,2003,0
Dominikánská republika,Dominican republic,DOM,0.390666667,2003,0
Gruzie,Georgia,GEO,0.386666667,2003,0
Bosna a Hercegovina,Bosnia and Herzegovina,BIH,0.385,2003,0
Bolívie,Bolivia,BOL,0.378,2003,0
Antigua a Barbuda,Antigua and Barbuda,ATG,0.376666667,2003,0
Indie,India,IND,0.373,2003,0
Svatý Vincenc a Grenadiny,Saint Vincent and the Grenadines,VCT,0.372333333,2003,0
Guyana,Guyana,GUY,0.370666667,2003,0
Botswana,Botswana,BWA,0.37,2003,0
Samoa,Samoa,WSM,0.37,2003,0
Ekvádor,Ecuador,ECU,0.364333333,2003,0
Mongolsko,Mongolia,MNG,0.363666667,2003,0
Srí Lanka,Sri Lanka,LKA,0.363666667,2003,0
Grenada,Grenada,GRD,0.363333333,2003,0
Indonésie,Indonesia,IDN,0.361666667,2003,0
Belize,Belize,BLZ,0.357,2003,0
Írán,Iran,IRN,0.354666667,2003,0
Egypt,Egypt,EGY,0.351,2003,0
Guatemala,Guatemala,GTM,0.35,2003,0
Ázerbájdžán,Azerbaijan,AZE,0.348333333,2003,0
Albánie,Albania,ALB,0.348,2003,0
Kuba,Cuba,CUB,0.346666667,2003,0
Tonga,Tonga,TON,0.346666667,2003,0
Vietnam,Vietnam,VNM,0.343333333,2003,0
Arménie,Armenia,ARM,0.339666667,2003,0
Paraguay,Paraguay,PRY,0.339333333,2003,0
Svazijsko,Swaziland,SWZ,0.337333333,2003,0
Moldavsko,Moldova,MDA,0.335333333,2003,0
Surinam,Suriname,SUR,0.329333333,2003,0
Namibie,Namibia,NAM,0.329333333,2003,0
Omán,Oman,OMN,0.329,2003,0
Nikaragua,Nicaragua,NIC,0.327,2003,0
Lesotho,Lesotho,LSO,0.326,2003,0
Honduras,Honduras,HND,0.323666667,2003,0
Kapverdy,Cape Verde,CPV,0.322333333,2003,0
Tádžikistán,Tajikistan,TJK,0.321,2003,0
Irák,Iraq,IRQ,0.315333333,2003,0
Dominika,Dominica,DMA,0.310666667,2003,0
Zimbabwe,Zimbabwe,ZWE,0.309,2003,0
Tunisko,Tunisia,TUN,0.308666667,2003,0
Keňa,Kenya,KEN,0.304333333,2003,0
Alžírsko,Algeria,DZA,0.299333333,2003,0
San Marino,San Marino,SMR,0.299333333,2003,0
Uganda,Uganda,UGA,0.295333333,2003,0
Nepál,Nepal,NPL,0.295333333,2003,0
Tanzánie,Tanzania,TZA,0.294333333,2003,0
Kambodža,Cambodia,KHM,0.293333333,2003,0
Myanmar,Myanmar,MMR,0.283333333,2003,0
Bhútán,Bhutan,BTN,0.283333333,2003,0
Gabon,Gabon,GAB,0.280333333,2003,0
Sýrie,Syria,SYR,0.280333333,2003,0
Ghana,Ghana,GHA,0.28,2003,0
Kongo,Congo,COG,0.276666667,2003,0
Svatý Tomáš a Princův ostrov,Sao Tome and Principe,STP,0.272333333,2003,0
Pákistán,Pakistan,PAK,0.27,2003,0
Malawi,Malawi,MWI,0.268333333,2003,0
Maroko,Morocco,MAR,0.265666667,2003,0
Nigérie,Nigeria,NGA,0.265333333,2003,0
Šalamounovy ostrovy,Solomon Islands,SLB,0.264,2003,0
Madagaskar,Madagascar,MDG,0.263666667,2003,0
Papua-Nová Guinea,Papua New Guinea,PNG,0.261,2003,0
Rwanda,Rwanda,RWA,0.253,2003,0
Východní Timor,East Timor,TLS,0.250333333,2003,0
Kamerun,Cameroon,CMR,0.247666667,2003,0
Mosambik,Mozambique,MOZ,0.243666667,2003,0
Laos,Laos,LAO,0.240666667,2003,0
Monaco,Monaco,MCO,0.238333333,2003,0
Džibutsko,Djibouti,DJI,0.235,2003,0
Súdán,Sudan,SDN,0.233,2003,0
Benin,Benin,BEN,0.231333333,2003,0
Togo,Togo,TGO,0.229666667,2003,0
Senegal,Senegal,SEN,0.225333333,2003,0
Jemen,Yemen,YEM,0.206333333,2003,0
Komory,Comoros,COM,0.200666667,2003,0
Srbsko,Serbia,SRB,0.192333333,2003,0
Eritrea,Eritrea,ERI,0.191666667,2003,0
Angola,Angola,AGO,0.189,2003,0
Andorra,Andorra,AND,0.187666667,2003,0
Pobřeží slonoviny,Ivory Coast,CIV,0.180666667,2003,0
Lichtenštejnsko,Lichtenstein,LIE,0.178666667,2003,0
Bangladéš,Bangladesh,BGD,0.177666667,2003,0
Gambie,Gambia,GMB,0.176,2003,0
Mauritánie,Mauritania,MRT,0.174333333,2003,0
Vanuatu,Vanuatu,VUT,0.172666667,2003,0
Burundi,Burundi,BDI,0.172,2003,0
Sierra Leone,Sierra Leone,SLE,0.170666667,2003,0
Afghánistán,Afghanistan,AFG,0.170333333,2003,0
Čad,Chad,TCD,0.165333333,2003,0
Guinea,Guinea,GIN,0.161333333,2003,0
Etiopie,Ethiopia,ETH,0.156666667,2003,0
Burkina Faso,Burkina Faso,BFA,0.155666667,2003,0
Mali,Mali,MLI,0.153666667,2003,0
Niger,Niger,NER,0.141666667,2003,0
Palau,Palau,PLW,0.139666667,2003,0
Mikronésie,Micronesia,FSM,0.135,2003,0
Marshallovy ostrovy,Marshall Islands,MHL,0.132,2003,0
Tuvalu,Tuvalu,TUV,0.130666667,2003,0
Nauru,Nauru,NRU,0.130666667,2003,0
Středoafrická republika,Central African Republic,CAF,0.128,2003,0
KLDR,North Korea,PRK,0.128,2003,0
Demokratická republika Kongo,Democratic Republic of the Congo,COD,0.126333333,2003,0
Rovníková Guinea,Equatorial Guinea,GNQ,0.117666667,2003,0
Guinea-Bissau,Guinea-Bissau,GNB,0.087333333,2003,0
Haiti,Haiti,HTI,0.059333333,2003,0
Kiribati,Kiribati,KIR,0.048666667,2003,0
Libérie,Liberia,LBR,0.038,2003,0
Libye,Libya,LBY,0.008666667,2003,0
Somálsko,Somalia,SOM,0.008666667,2003,0
Turkmenistán,Turkmenistan,TKM,0.003666667,2003,0
Zambie,Zambia,ZMB,0.001,2003,0
Afghánistán,Afghanistan,AFG,0.3203,2020,0
Albánie,Albania,ALB,0.7399,2020,0
Alžírsko,Algeria,DZA,0.5173,2020,0
Andorra,Andorra,AND,0.6881,2020,0
Angola,Angola,AGO,0.3847,2020,0
Antigua a Barbuda,Antigua and Barbuda,ATG,0.6055,2020,0
Argentina,Argentina,ARG,0.8279,2020,0
Arménie,Armenia,ARM,0.7136,2020,0
Austrálie,Australia,AUS,0.9432,2020,0
Rakousko,Austria,AUT,0.8914,2020,1
Ázerbajdžán,Azerbaijan,AZE,0.71,2020,0
Bahamské ostrovy,Bahamas,BHS,0.7017,2020,0
Bahrain,Bahrain,BHR,0.8213,2020,0
Bangladéš,Bangladesh,BGD,0.5189,2020,0
Barbados,Barbados,BRB,0.7279,2020,0
Bělorusko,Belarus,BLR,0.8084,2020,0
Belgie,Belgium,BEL,0.8047,2020,1
Belize,Belize,BLZ,0.4548,2020,0
Benin,Benin,BEN,0.4039,2020,0
Bhútán,Bhutan,BTN,0.5777,2020,0
Bolívie,Bolivia,BOL,0.6129,2020,0
Bosna a Hercegovina,Bosnia and Herzegovina,BIH,0.6372,2020,0
Botswana,Botswana,BWA,0.5383,2020,0
Brazílie,Brazil,BRA,0.7677,2020,0
Brunej,Brunei,BRN,0.7389,2020,0
Bulharsko,Bulgaria,BGR,0.798,2020,1
Burkina,Burkina Faso,BFA,0.3558,2020,0
Burundi,Burundi,BDI,0.3227,2020,0
Kapverdy,Cape Verde,CPV,0.5604,2020,0
Kambodža,Cambodia,KHM,0.5113,2020,0
Kamerun,Cameroon,CMR,0.4325,2020,0
Kanada,Canada,CAN,0.842,2020,0
Středoafrická republika,Central African Republic,CAF,0.1404,2020,0
Čad,Chad,TCD,0.1557,2020,0
Chile,Chile,CHL,0.8259,2020,0
Čína,China,CHN,0.7948,2020,0
Kolumbie,Colombia,COL,0.7164,2020,0
Komory,Comoros,COM,0.2799,2020,0
Kongo,Congo,COG,0.3786,2020,0
Kostarika,Costa Rica,CRI,0.7576,2020,0
Pobřeží slonoviny,Ivory Coast,CIV,0.4457,2020,0
Chorvatsko,Croatia,HRV,0.7745,2020,1
Kuba,Cuba,CUB,0.4439,2020,0
Kypr,Cyprus,CYP,0.8731,2020,1
Česká republika,Czech Republic,CZE,0.8135,2020,1
KLDR,North Korea,PRK,0.2235,2020,0
Demokratická republika Kongo,Democratic Republic of the Congo,COD,0.258,2020,0
Dánsko,Denmark,DNK,0.9758,2020,1
Džibutsko,Djibouti,DJI,0.2728,2020,0
Dominika,Dominica,DMA,0.6013,2020,0
Dominikánská republika,Dominican Republic,DOM,0.6782,2020,0
Ekvádor,Ecuador,ECU,0.7015,2020,0
Egypt,Egypt,EGY,0.5527,2020,0
El Salvador,El Salvador,SLV,0.5697,2020,0
Rovníková Guinea,Equatorial Guinea,GNQ,0.2507,2020,0
Eritrea,Eritrea,ERI,0.1292,2020,0
Estonsko,Estonia,EST,0.9473,2020,1
Eswatini,Eswatini,SWZ,0.4938,2020,0
Etiopie,Ethiopia,ETH,0.274,2020,0
Fiji,Fiji,FJI,0.6585,2020,0
Finsko,Finland,FIN,0.9452,2020,1
Francie,France,FRA,0.8718,2020,1
Gabon,Gabon,GAB,0.5401,2020,0
Gambie,Gambia,GMB,0.263,2020,0
Gruzie,Georgia,GEO,0.7174,2020,0
Německo,Germany,DEU,0.8524,2020,1
Ghana,Ghana,GHA,0.596,2020,0
Řecko,Greece,GRC,0.8021,2020,1
Grenada,Grenada,GRD,0.5812,2020,0
Guatemala,Guatemala,GTM,0.5155,2020,0
Guinea,Guinea,GIN,0.2592,2020,0
Guinea-Bissau,Guinea-Bissau,GNB,0.2316,2020,0
Guyana,Guyana,GUY,0.4909,2020,0
Haiti,Haiti,HTI,0.2723,2020,0
Honduras,Honduras,HND,0.4486,2020,0
Maďarsko,Hungary,HUN,0.7745,2020,1
Island,Iceland,ISL,0.9101,2020,0
Indie,India,IND,0.5964,2020,0
Indonésie,Indonesia,IDN,0.6612,2020,0
Írán,Iran,IRN,0.6593,2020,0
Irák,Iraq,IRQ,0.436,2020,0
Irsko,Ireland,IRL,0.8433,2020,1
Izrael,Israel,ISR,0.8361,2020,0
Itálie,Italy,ITA,0.8231,2020,1
Jamaica,Jamaica,JAM,0.5392,2020,0
Japonsko,Japan,JPN,0.8989,2020,0
Jordán,Jordan,JOR,0.5309,2020,0
Kazachstán,Kazakhstan,KAZ,0.8375,2020,0
Keňa,Kenya,KEN,0.5326,2020,0
Kiribati,Kiribati,KIR,0.432,2020,0
Kuvajt,Kuwait,KWT,0.7913,2020,0
Kyrgyzstán,Kyrgyzstan,KGZ,0.6749,2020,0
Laos,Laos,LAO,0.3288,2020,0
Lotyšsko,Latvia,LVA,0.7798,2020,1
Libanon,Lebanon,LBN,0.4955,2020,0
Lesotho,Lesotho,LSO,0.4593,2020,0
Libérie,Liberia,LBR,0.2605,2020,0
Libye,Libya,LBY,0.3743,2020,0
Lichtenštejnsko,Lichtenstein,LIE,0.8359,2020,0
Litva,Lithuania,LTU,0.8665,2020,1
Lucembursko,Luxembourg,LUX,0.8272,2020,1
Madagaskar,Madagascar,MDG,0.3095,2020,0
Malawi,Malawi,MWI,0.348,2020,0
Malajsie,Malaysia,MYS,0.7892,2020,0
Maledivy,Maldives,MDV,0.574,2020,0
Mali,Mali,MLI,0.3097,2020,0
Malta,Malta,MLT,0.8547,2020,1
Marshallovy ostrovy,Marshall Islands,MHL,0.4055,2020,0
Mauritánie,Mauritania,MRT,0.282,2020,0
Mauricius,Mauritius,MUS,0.7196,2020,0
Mexiko,Mexico,MEX,0.7291,2020,0
Mikronésie,Micronesia,FSM,0.3779,2020,0
Monaco,Monaco,MCO,0.7177,2020,0
Mongolsko,Mongolia,MNG,0.6497,2020,0
Černá Hora,Montenegro,MNE,0.7006,2020,0
Maroko,Morocco,MAR,0.5729,2020,0
Mosambik,Mozambique,MOZ,0.3564,2020,0
Myanmar,Myanmar,MMR,0.4316,2020,0
Namibie,Namibia,NAM,0.5747,2020,0
Nauru,Nauru,NRU,0.415,2020,0
Nepál,Nepal,NPL,0.4699,2020,0
Nizozemí,The Netherlands,NLD,0.9228,2020,1
Nový Zéland,New Zealand,NZL,0.9339,2020,0
Nikaragua,Nicaragua,NIC,0.5139,2020,0
Niger,Niger,NER,0.1661,2020,0
Nigérie,Nigeria,NGA,0.4406,2020,0
Makedonie,Macedonia,MKD,0.7083,2020,0
Norsko,Norway,NOR,0.9064,2020,0
Omán,Oman,OMN,0.7749,2020,0
Pákistán,Pakistan,PAK,0.4183,2020,0
Palau,Palau,PLW,0.5109,2020,0
Panama,Panama,PAN,0.6715,2020,0
Papua-Nová Guinea,Papua New Guinea,PNG,0.2827,2020,0
Paraguay,Paraguay,PRY,0.6487,2020,0
Peru,Peru,PER,0.7083,2020,0
Filipíny,Philippines,PHL,0.6892,2020,0
Polsko,Poland,POL,0.8531,2020,1
Portugalsko,Portugal,PRT,0.8255,2020,1
Katar,Qatar,QAT,0.7173,2020,0
Jižní Korea,South Korea,KOR,0.956,2020,0
Moldavsko,Moldova,MDA,0.6881,2020,0
Rumunsko,Romania,ROU,0.7605,2020,1
Rusko,Russia,RUS,0.8244,2020,0
Rwanda,Rwanda,RWA,0.4789,2020,0
Svatý Kryštof a Nevis,Saint Kitts and Nevis,KNA,0.6352,2020,0
Svatá Lucie,Saint Lucia,LCA,0.5444,2020,0
Svatý Vincenc a Grenadiny,Saint Vincent and the Grenadines,VCT,0.5605,2020,0
Samoa,Samoa,WSM,0.4219,2020,0
San Marino,San Marino,SMR,0.6175,2020,0
Svatý Tomáš a Princův ostrov,Sao Tome and Principe,STP,0.4074,2020,0
Saudská arábie,Saudi Arabia,SAU,0.7991,2020,0
Senegal,Senegal,SEN,0.421,2020,0
Srbsko,Serbia,SRB,0.7474,2020,0
Seychely,Seychelles,SYC,0.692,2020,0
Sierra Leone,Sierra Leone,SLE,0.2931,2020,0
Singapur,Singapore,SGP,0.915,2020,0
Slovensko,Slovakia,SVK,0.7817,2020,1
Slovinsko,Slovenia,SVN,0.8546,2020,1
Šalamounovy ostrovy,Solomon Islands,SLB,0.3442,2020,0
Somálsko,Somalia,SOM,0.1293,2020,0
Jihoafrická republika,South African Republic,ZAF,0.6891,2020,0
Jižní Súdán,South Sudan,SSD,0.0875,2020,0
Španělsko,Spain,ESP,0.8801,2020,1
Srí Lanka,Sri Lanka,LKA,0.6708,2020,0
Sudan,Sudan,SDN,0.3154,2020,0
Surinam,Suriname,SUR,0.5154,2020,0
Švédsko,Sweden,SWE,0.9365,2020,1
Švýcarsko,Switzerland,CHE,0.8907,2020,0
Sýrie,Syria,SYR,0.4763,2020,0
Tádžikistán,Tajikistan,TJK,0.4649,2020,0
Thajsko,Thailand,THA,0.7565,2020,0
Timor-Leste,Timor-Leste,TLS,0.4649,2020,0
Togo,Togo,TGO,0.4302,2020,0
Tonga,Tonga,TON,0.5616,2020,0
Trinidad a Tobago,Trinidad and Tobago,TTO,0.6785,2020,0
Tunisko,Tunisia,TUN,0.6526,2020,0
Turecko,Turkey,TUR,0.7718,2020,0
Turkmenistán,Turkmenistan,TKM,0.4034,2020,0
Tuvalu,Tuvalu,TUV,0.4209,2020,0
Uganda,Uganda,UGA,0.4499,2020,0
Ukrajina,Ukraine,UKR,0.7119,2020,0
Spojené arabské emiráty,United Arab Emirates,ARE,0.8555,2020,0
Spojené království,United Kingdom,GBR,0.9358,2020,1
Tanzanie,Tanzania,TZA,0.4206,2020,0
Spojené státy americké,United States of America,USA,0.9297,2020,0
Uruguay,Uruguay,URY,0.85,2020,0
Uzbekistán,Uzbekistan,UZB,0.6665,2020,0
Vanuatu,Vanuatu,VUT,0.4403,2020,0
Venezuela,Venezuela,VEN,0.5268,2020,0
Vietnam,Vietnam,VNM,0.6667,2020,0
Jemen,Yemen,YEM,0.3045,2020,0
Zambie,Zambia,ZMB,0.4242,2020,0
Zimbabwe,Zimbabwe,ZWE,0.5019,2020,0
